Date,Day,Incub_type,Waterbath,Position,Polyp_ID,State,Colony,Colony_ms,Time_inWB,Time_read,tank,Time_incub,Timeincub_dec,SA_cm2,Pn_mg,Pn_ug,Temp_byIncub_mean,Temp_byIncub_sd,Temp_byWB_mean,Temp_byWB_sd
2019-11-20,1,Light,1,2,B.6.29,Bleached,6,RS1,10H 37M 0S,12H 48M 0S,B1,2H 11M 0S,2.18,1.9,1.934577280505504e-4,0.1934577280505504,21.21,0.48,21.16,0.47
2019-11-20,1,Light,1,3,S.6.26,Symbiotic,6,RS1,10H 40M 0S,13H 8M 0S,S1,3H -32M 0S,2.47,2.45,0.006338281108306294,6.338281108306294,21.21,0.48,21.16,0.47
2019-11-20,1,Light,1,5,B.6.17,Bleached,6,RS1,10H 48M 0S,12H 52M 0S,B2,2H 4M 0S,2.07,3.29,-0.0016496063670933317,-1.6496063670933316,21.21,0.48,21.16,0.47
2019-11-20,1,Light,1,6,S.6.28,Symbiotic,6,RS1,10H 51M 0S,13H 13M 0S,S2,3H -38M 0S,2.37,2.32,0.012376509991039706,12.376509991039706,21.21,0.48,21.16,0.47
2019-11-20,1,Light,1,9,B.53.21,Bleached,53,RS2,10H 55M 0S,12H 56M 0S,B5,2H 1M 0S,2.02,1.43,-0.0018440999231140085,-1.8440999231140085,21.21,0.48,21.16,0.47
2019-11-20,1,Light,1,11,S.53.7,Symbiotic,53,RS2,10H 57M 0S,13H 17M 0S,S1,3H -40M 0S,2.33,1.55,0.013880371119440562,13.880371119440563,21.21,0.48,21.16,0.47
2019-11-20,1,Light,1,12,B.53.42,Bleached,53,RS2,10H 58M 0S,12H 59M 0S,B2,2H 1M 0S,2.02,1.63,-7.12770162761078e-4,-0.712770162761078,21.21,0.48,21.16,0.47
2019-11-20,1,Light,2,1,S.53.8,Symbiotic,53,RS2,10H 46M 0S,13H 19M 0S,S2,3H -27M 0S,2.55,1.39,0.013367242939952544,13.367242939952543,21.21,0.48,21.55,0.37
2019-11-20,1,Light,2,2,B.60.8,Bleached,60,RS3,11H 1M 0S,13H 2M 0S,B1,2H 1M 0S,2.02,2.81,-0.002250954342325345,-2.250954342325345,21.21,0.48,21.55,0.37
2019-11-20,1,Light,2,4,S.60.18,Symbiotic,60,RS3,11H 2M 0S,13H 22M 0S,S1,2H 20M 0S,2.33,2.16,0.011440740799924414,11.440740799924415,21.21,0.48,21.55,0.37
2019-11-20,1,Light,2,5,B.60.26,Bleached,60,RS3,11H 5M 0S,13H 5M 0S,B2,2H 0M 0S,2,2.77,-0.002847994252047597,-2.8479942520475974,21.21,0.48,21.55,0.37
2019-11-20,1,Light,2,6,S.60.24,Symbiotic,60,RS3,11H 7M 0S,13H 24M 0S,S2,2H 17M 0S,2.28,3.17,0.007959268291240273,7.9592682912402735,21.21,0.48,21.55,0.37
2019-11-20,1,Light,2,7,S.6.10,Symbiotic,6,RS1,11H 9M 0S,13H 56M 0S,S3,2H 47M 0S,2.78,2.19,0.0095351557870441625,9.535155787044163,21.21,0.48,21.55,0.37
2019-11-20,1,Light,2,8,B.6.22,Bleached,6,RS1,11H 11M 0S,13H 32M 0S,B3,2H 21M 0S,2.35,2.4,-0.0029964571956921687,-2.9964571956921686,21.21,0.48,21.55,0.37
2019-11-20,1,Light,2,9,S.6.32,Symbiotic,6,RS1,11H 15M 0S,13H 58M 0S,S4,2H 43M 0S,2.72,3.15,0.007985395904221822,7.985395904221821,21.21,0.48,21.55,0.37
2019-11-20,1,Light,2,10,B.6.8,Bleached,6,RS1,11H 17M 0S,13H 35M 0S,B4,2H 18M 0S,2.3,2.82,-0.004910973077365903,-4.910973077365902,21.21,0.48,21.55,0.37
2019-11-20,1,Light,2,10,S.53.2,Symbiotic,53,RS2,11H 18M 0S,14H 1M 0S,S3,3H -17M 0S,2.72,1.4,0.013663044145843638,13.663044145843639,21.21,0.48,21.55,0.37
2019-11-20,1,Light,2,10,B.53.40,Bleached,53,RS2,11H 20M 0S,13H 37M 0S,B3,2H 17M 0S,2.28,1.38,-0.008235949815100372,-8.235949815100373,21.21,0.48,21.55,0.37
2019-11-20,1,Light,3,1,S.53.33,Symbiotic,53,RS2,11H 22M 0S,14H 3M 0S,S4,3H -19M 0S,2.68,2,0.008309110050466317,8.309110050466316,21.21,0.48,20.92,0.37
2019-11-20,1,Light,3,2,B.53.19,Bleached,53,RS2,11H 23M 0S,13H 40M 0S,B4,2H 17M 0S,2.28,1.83,-0.004782281779846563,-4.7822817798465636,21.21,0.48,20.92,0.37
2019-11-20,1,Light,3,4,S.60.2,Symbiotic,60,RS3,11H 24M 0S,14H 6M 0S,S3,3H -18M 0S,2.7,2.2,0.009758897472884848,9.758897472884849,21.21,0.48,20.92,0.37
2019-11-20,1,Light,3,5,B.60.19,Bleached,60,RS3,11H 26M 0S,13H 42M 0S,B3,2H 16M 0S,2.27,2.84,-0.004021235815823368,-4.021235815823368,21.21,0.48,20.92,0.37
2019-11-20,1,Light,3,10,S.60.20,Symbiotic,60,RS3,11H 28M 0S,14H 8M 0S,S4,3H -20M 0S,2.67,2.9,0.011138618017729716,11.138618017729716,21.21,0.48,20.92,0.37
2019-11-20,1,Light,3,11,B.60.27,Bleached,60,RS3,11H 29M 0S,13H 45M 0S,B4,2H 16M 0S,2.27,2.96,-0.005188728279772902,-5.188728279772902,21.21,0.48,20.92,0.37
2019-11-20,1,Dark,1,2,B.6.29,Bleached,6,RS1,14H 55M 0S,16H 40M 0S,B1,2H -15M 0S,1.75,1.9,0.002968254522808521,2.968254522808521,20.89,0.47,21.32,0.32
2019-11-20,1,Dark,1,3,S.6.26,Symbiotic,6,RS1,14H 57M 0S,17H 5M 0S,S1,3H -52M 0S,2.13,2.45,-0.0011243602464681259,-1.124360246468126,20.89,0.47,21.32,0.32
2019-11-20,1,Dark,1,5,B.6.17,Bleached,6,RS1,14H 58M 0S,16H 43M 0S,B2,2H -15M 0S,1.75,3.29,9.378109054864667e-4,0.9378109054864667,20.89,0.47,21.32,0.32
2019-11-20,1,Dark,1,6,S.6.28,Symbiotic,6,RS1,15H 0M 0S,17H 8M 0S,S2,2H 8M 0S,2.13,2.32,-0.0035995373859061684,-3.5995373859061686,20.89,0.47,21.32,0.32
2019-11-20,1,Dark,1,9,B.53.21,Bleached,53,RS2,15H 2M 0S,16H 46M 0S,B5,1H 44M 0S,1.73,1.43,-0.002681332060118999,-2.681332060118999,20.89,0.47,21.32,0.32
2019-11-20,1,Dark,1,11,S.53.7,Symbiotic,53,RS2,15H 3M 0S,17H 12M 0S,S1,2H 9M 0S,2.15,1.55,-0.003962394680968401,-3.9623946809684005,20.89,0.47,21.32,0.32
2019-11-20,1,Dark,1,12,B.53.42,Bleached,53,RS2,15H 5M 0S,16H 50M 0S,B2,1H 45M 0S,1.75,1.63,-0.005420001301196028,-5.420001301196028,20.89,0.47,21.32,0.32
2019-11-20,1,Dark,2,1,S.53.8,Symbiotic,53,RS2,15H 6M 0S,17H 14M 0S,S2,2H 8M 0S,2.13,1.39,-0.003994823503291086,-3.9948235032910855,20.89,0.47,20.69,0.33
2019-11-20,1,Dark,2,2,B.60.8,Bleached,60,RS3,15H 8M 0S,16H 52M 0S,B1,1H 44M 0S,1.73,2.81,-0.0022840284252213182,-2.2840284252213183,20.89,0.47,20.69,0.33
2019-11-20,1,Dark,2,4,S.60.18,Symbiotic,60,RS3,15H 9M 0S,17H 16M 0S,S1,2H 7M 0S,2.12,2.16,-0.004872875345502987,-4.872875345502987,20.89,0.47,20.69,0.33
2019-11-20,1,Dark,2,5,B.60.26,Bleached,60,RS3,15H 11M 0S,16H 55M 0S,B2,1H 44M 0S,1.73,2.77,-0.00262793918814891,-2.62793918814891,20.89,0.47,20.69,0.33
2019-11-20,1,Dark,2,6,S.60.24,Symbiotic,60,RS3,15H 12M 0S,17H 19M 0S,S2,2H 7M 0S,2.12,3.17,-0.003985457827231605,-3.985457827231605,20.89,0.47,20.69,0.33
2019-11-20,1,Dark,2,7,S.6.10,Symbiotic,6,RS1,15H 14M 0S,17H 21M 0S,S3,2H 7M 0S,2.12,2.19,-0.007052612816000534,-7.052612816000535,20.89,0.47,20.69,0.33
2019-11-20,1,Dark,2,8,B.6.22,Bleached,6,RS1,15H 15M 0S,16H 58M 0S,B3,1H 43M 0S,1.72,2.4,-0.004869124084171937,-4.869124084171936,20.89,0.47,20.69,0.33
2019-11-20,1,Dark,2,9,S.6.32,Symbiotic,6,RS1,15H 16M 0S,17H 24M 0S,S4,2H 8M 0S,2.13,3.15,-0.005315966010312828,-5.315966010312828,20.89,0.47,20.69,0.33
2019-11-20,1,Dark,2,10,B.6.8,Bleached,6,RS1,15H 18M 0S,17H 0M 0S,B4,2H -18M 0S,1.7,2.82,-0.004216215663606275,-4.216215663606275,20.89,0.47,20.69,0.33
2019-11-20,1,Dark,2,11,S.53.2,Symbiotic,53,RS2,15H 20M 0S,17H 41M 0S,S3,2H 21M 0S,2.35,1.4,-0.01136983086798175,-11.369830867981749,20.89,0.47,20.69,0.33
2019-11-20,1,Dark,2,12,B.53.40,Bleached,53,RS2,15H 21M 0S,17H 28M 0S,B3,2H 7M 0S,2.12,1.38,-0.011701487141826387,-11.701487141826387,20.89,0.47,20.69,0.33
2019-11-20,1,Dark,3,1,S.53.33,Symbiotic,53,RS2,15H 23M 0S,17H 44M 0S,S4,2H 21M 0S,2.35,2,-0.008909945437374459,-8.909945437374459,20.89,0.47,20.64,0.4
2019-11-20,1,Dark,3,2,B.53.19,Bleached,53,RS2,15H 24M 0S,17H 31M 0S,B4,2H 7M 0S,2.12,1.83,-0.007671891633706381,-7.671891633706381,20.89,0.47,20.64,0.4
2019-11-20,1,Dark,3,4,S.60.2,Symbiotic,60,RS3,15H 25M 0S,17H 46M 0S,S3,2H 21M 0S,2.35,2.2,-0.008676352718696314,-8.676352718696315,20.89,0.47,20.64,0.4
2019-11-20,1,Dark,3,5,B.60.19,Bleached,60,RS3,15H 27M 0S,17H 34M 0S,B3,2H 7M 0S,2.12,2.84,-0.00519098305576124,-5.19098305576124,20.89,0.47,20.64,0.4
2019-11-20,1,Dark,3,10,S.60.13,Symbiotic,60,RS3,15H 36M 0S,17H 38M 0S,S1,2H 2M 0S,2.03,3.27,-0.0063559515984283966,-6.355951598428397,20.89,0.47,20.64,0.4
2019-11-20,1,Dark,3,11,B.60.27,Bleached,60,RS3,15H 32M 0S,17H 52M 0S,B4,2H 20M 0S,2.33,2.96,-0.008248685945297337,-8.248685945297337,20.89,0.47,20.64,0.4
2019-11-21,2,Light,1,2,B.6.29,Bleached,6,RS1,10H 22M 0S,12H 26M 0S,B1,2H 4M 0S,2.07,1.9,-0.005941836358076118,-5.941836358076118,23.09,0.49,23,0.51
2019-11-21,2,Light,1,3,S.6.26,Symbiotic,6,RS1,10H 24M 0S,12H 51M 0S,S1,2H 27M 0S,2.45,2.45,0.009707835594189399,9.7078355941894,23.09,0.49,23,0.51
2019-11-21,2,Light,1,5,B.6.17,Bleached,6,RS1,10H 25M 0S,12H 30M 0S,B2,2H 5M 0S,2.08,3.29,-0.0038458872946077562,-3.8458872946077562,23.09,0.49,23,0.51
2019-11-21,2,Light,1,6,S.6.28,Symbiotic,6,RS1,10H 28M 0S,12H 55M 0S,S2,2H 27M 0S,2.45,2.32,0.01313534186384973,13.13534186384973,23.09,0.49,23,0.51
2019-11-21,2,Light,1,9,B.53.21,Bleached,53,RS2,10H 32M 0S,12H 33M 0S,B5,2H 1M 0S,2.02,1.43,-0.0029857282786059534,-2.9857282786059534,23.09,0.49,23,0.51
2019-11-21,2,Light,1,11,S.53.7,Symbiotic,53,RS2,10H 33M 0S,12H 57M 0S,S1,2H 24M 0S,2.4,1.55,0.019227406141089802,19.2274061410898,23.09,0.49,23,0.51
2019-11-21,2,Light,1,12,B.53.42,Bleached,53,RS2,10H 35M 0S,12H 36M 0S,B2,2H 1M 0S,2.02,1.63,-0.0035244410816926306,-3.524441081692631,23.09,0.49,23,0.51
2019-11-21,2,Light,2,1,S.53.8,Symbiotic,53,RS2,10H 36M 0S,13H 0M 0S,S2,3H -36M 0S,2.4,1.39,0.016527563202893905,16.527563202893905,23.09,0.49,23.04,0.33
2019-11-21,2,Light,2,2,B.60.8,Bleached,60,RS3,10H 37M 0S,12H 40M 0S,B1,2H 3M 0S,2.05,2.81,-0.0017396710910546793,-1.7396710910546793,23.09,0.49,23.04,0.33
2019-11-21,2,Light,2,4,S.60.18,Symbiotic,60,RS3,10H 40M 0S,13H 2M 0S,S1,3H -38M 0S,2.37,2.16,0.014536011771232494,14.536011771232495,23.09,0.49,23.04,0.33
2019-11-21,2,Light,2,5,B.60.26,Bleached,60,RS3,10H 41M 0S,12H 43M 0S,B2,2H 2M 0S,2.03,2.77,-0.0020582077935173836,-2.0582077935173837,23.09,0.49,23.04,0.33
2019-11-21,2,Light,2,6,S.60.24,Symbiotic,60,RS3,10H 43M 0S,13H 5M 0S,S2,3H -38M 0S,2.37,3.17,0.011292942999280355,11.292942999280354,23.09,0.49,23.04,0.33
2019-11-21,2,Light,2,7,S.6.10,Symbiotic,6,RS1,10H 44M 0S,13H 51M 0S,S3,3H 7M 0S,3.12,2.19,0.011231520913580127,11.231520913580127,23.09,0.49,23.04,0.33
2019-11-21,2,Light,2,8,B.6.22,Bleached,6,RS1,10H 47M 0S,13H 26M 0S,B3,3H -21M 0S,2.65,2.4,-0.005031035787548265,-5.031035787548265,23.09,0.49,23.04,0.33
2019-11-21,2,Light,2,9,S.6.32,Symbiotic,6,RS1,10H 49M 0S,13H 54M 0S,S4,3H 5M 0S,3.08,3.15,0.008818642573788504,8.818642573788505,23.09,0.49,23.04,0.33
2019-11-21,2,Light,2,10,B.6.8,Bleached,6,RS1,10H 50M 0S,13H 31M 0S,B4,3H -19M 0S,2.68,2.82,-0.006587301289198461,-6.587301289198461,23.09,0.49,23.04,0.33
2019-11-21,2,Light,2,11,S.53.2,Symbiotic,53,RS2,10H 52M 0S,13H 56M 0S,S3,3H 4M 0S,3.07,1.4,0.01920600367357899,19.20600367357899,23.09,0.49,23.04,0.33
2019-11-21,2,Light,2,12,B.53.40,Bleached,53,RS2,10H 53M 0S,13H 34M 0S,B3,3H -19M 0S,2.68,1.38,-0.009835114704533389,-9.835114704533389,23.09,0.49,23.04,0.33
2019-11-21,2,Light,3,1,S.53.33,Symbiotic,53,RS2,10H 54M 0S,13H 59M 0S,S4,3H 5M 0S,3.08,2,0.012438063352418191,12.43806335241819,23.09,0.49,23.23,0.57
2019-11-21,2,Light,3,2,S.60.2,Symbiotic,60,RS3,10H 55M 0S,14H 2M 0S,S3,4H -53M 0S,3.12,2.2,0.011397543137865718,11.397543137865718,23.09,0.49,23.23,0.57
2019-11-21,2,Light,3,4,B.53.19,Bleached,53,RS2,10H 58M 0S,13H 37M 0S,B4,3H -21M 0S,2.65,1.83,-0.0056763352116315,-5.6763352116315,23.09,0.49,23.23,0.57
2019-11-21,2,Light,3,5,B.60.19,Bleached,60,RS3,11H 1M 0S,13H 41M 0S,B3,2H 40M 0S,2.67,2.84,-0.004604533244329251,-4.604533244329251,23.09,0.49,23.23,0.57
2019-11-21,2,Light,3,10,S.60.13,Symbiotic,60,RS3,11H 3M 0S,14H 5M 0S,S1,3H 2M 0S,3.03,3.27,0.009070673281620924,9.070673281620923,23.09,0.49,23.23,0.57
2019-11-21,2,Light,3,11,B.60.27,Bleached,60,RS3,11H 5M 0S,13H 43M 0S,B4,2H 38M 0S,2.63,2.96,-0.006415003665156983,-6.415003665156983,23.09,0.49,23.23,0.57
2019-11-21,2,Dark,1,2,B.6.29,Bleached,6,RS1,14H 46M 0S,16H 17M 0S,B1,2H -29M 0S,1.52,1.9,-0.004968654065242485,-4.968654065242485,22.32,0.08,22.36,0.09
2019-11-21,2,Dark,1,3,S.6.26,Symbiotic,6,RS1,14H 48M 0S,16H 41M 0S,S1,2H -7M 0S,1.88,2.45,-0.011838364308566366,-11.838364308566366,22.32,0.08,22.36,0.09
2019-11-21,2,Dark,1,5,B.6.17,Bleached,6,RS1,14H 49M 0S,16H 19M 0S,B2,2H -30M 0S,1.5,3.29,-0.004434678372877732,-4.434678372877732,22.32,0.08,22.36,0.09
2019-11-21,2,Dark,1,6,S.6.28,Symbiotic,6,RS1,14H 50M 0S,16H 44M 0S,S2,2H -6M 0S,1.9,2.32,-0.013364755257605575,-13.364755257605575,22.32,0.08,22.36,0.09
2019-11-21,2,Dark,1,9,B.53.21,Bleached,53,RS2,14H 53M 0S,16H 22M 0S,B5,2H -31M 0S,1.48,1.43,-0.01108524031368499,-11.085240313684992,22.32,0.08,22.36,0.09
2019-11-21,2,Dark,1,11,S.53.7,Symbiotic,53,RS2,14H 54M 0S,16H 47M 0S,S1,2H -7M 0S,1.88,1.55,-0.01717827934291581,-17.17827934291581,22.32,0.08,22.36,0.09
2019-11-21,2,Dark,1,12,B.53.42,Bleached,53,RS2,14H 55M 0S,16H 24M 0S,B2,2H -31M 0S,1.48,1.63,-0.01034273031001613,-10.34273031001613,22.32,0.08,22.36,0.09
2019-11-21,2,Dark,2,1,S.53.8,Symbiotic,53,RS2,14H 56M 0S,16H 49M 0S,S2,2H -7M 0S,1.88,1.39,-0.01573454232559953,-15.73454232559953,22.32,0.08,22.33,0.03
2019-11-21,2,Dark,2,2,B.60.8,Bleached,60,RS3,14H 58M 0S,16H 27M 0S,B1,2H -31M 0S,1.48,2.81,-0.0067160725689821375,-6.7160725689821374,22.32,0.08,22.33,0.03
2019-11-21,2,Dark,2,4,S.60.18,Symbiotic,60,RS3,14H 59M 0S,16H 53M 0S,S1,2H -6M 0S,1.9,2.16,-0.013628616270839514,-13.628616270839514,22.32,0.08,22.33,0.03
2019-11-21,2,Dark,2,5,B.60.26,Bleached,60,RS3,15H 0M 0S,16H 29M 0S,B2,1H 29M 0S,1.48,2.77,-0.006449605473676192,-6.449605473676192,22.32,0.08,22.33,0.03
2019-11-21,2,Dark,2,6,S.60.24,Symbiotic,60,RS3,15H 1M 0S,16H 56M 0S,S2,1H 55M 0S,1.92,3.17,-0.009665184073638615,-9.665184073638615,22.32,0.08,22.33,0.03
2019-11-21,2,Dark,2,7,S.6.10,Symbiotic,6,RS1,15H 2M 0S,16H 58M 0S,S3,1H 56M 0S,1.93,2.19,-0.013907621532384225,-13.907621532384226,22.32,0.08,22.33,0.03
2019-11-21,2,Dark,2,8,B.6.22,Bleached,6,RS1,15H 4M 0S,17H 2M 0S,B3,2H -2M 0S,1.97,2.4,-0.010505925184320173,-10.505925184320173,22.32,0.08,22.33,0.03
2019-11-21,2,Dark,2,9,S.6.32,Symbiotic,6,RS1,15H 5M 0S,17H 20M 0S,S4,2H 15M 0S,2.25,3.15,-0.010833538857880411,-10.833538857880411,22.32,0.08,22.33,0.03
2019-11-21,2,Dark,2,10,B.6.8,Bleached,6,RS1,15H 6M 0S,17H 5M 0S,B4,2H -1M 0S,1.98,2.82,-0.009688942950175534,-9.688942950175534,22.32,0.08,22.33,0.03
2019-11-21,2,Dark,2,11,S.53.2,Symbiotic,53,RS2,15H 7M 0S,17H 22M 0S,S3,2H 15M 0S,2.25,1.4,-0.020118319573088066,-20.118319573088066,22.32,0.08,22.33,0.03
2019-11-21,2,Dark,2,12,B.53.40,Bleached,53,RS2,15H 8M 0S,17H 8M 0S,B3,2H 0M 0S,2,1.38,-0.015251274285097396,-15.251274285097395,22.32,0.08,22.33,0.03
2019-11-21,2,Dark,3,1,S.53.33,Symbiotic,53,RS2,15H 10M 0S,17H 25M 0S,S4,2H 15M 0S,2.25,2,-0.014413934812272754,-14.413934812272753,22.32,0.08,22.28,0.07
2019-11-21,2,Dark,3,2,B.53.19,Bleached,53,RS2,15H 11M 0S,17H 10M 0S,B4,2H -1M 0S,1.98,1.83,-0.012463206341171307,-12.463206341171308,22.32,0.08,22.28,0.07
2019-11-21,2,Dark,3,4,S.60.2,Symbiotic,60,RS3,15H 12M 0S,17H 28M 0S,S3,2H 16M 0S,2.27,2.2,-0.012374257474068099,-12.374257474068099,22.32,0.08,22.28,0.07
2019-11-21,2,Dark,3,5,B.60.19,Bleached,60,RS3,15H 13M 0S,17H 12M 0S,B3,2H -1M 0S,1.98,2.84,-0.008030868874768836,-8.030868874768835,22.32,0.08,22.28,0.07
2019-11-21,2,Dark,3,10,S.60.13,Symbiotic,60,RS3,15H 14M 0S,17H 30M 0S,S1,2H 16M 0S,2.27,3.27,-0.008124458341820056,-8.124458341820056,22.32,0.08,22.28,0.07
2019-11-21,2,Dark,3,11,B.60.27,Bleached,60,RS3,15H 17M 0S,17H 15M 0S,B4,2H -2M 0S,1.97,2.96,-0.009795927814423407,-9.795927814423406,22.32,0.08,22.28,0.07
2019-11-22,3,Light,1,2,B.6.29,Bleached,6,RS1,10H 41M 0S,12H 42M 0S,B1,2H 1M 0S,2.02,1.9,-0.011131029844308117,-11.131029844308117,23.97,0.43,23.77,0.3
2019-11-22,3,Light,1,3,S.6.26,Symbiotic,6,RS1,10H 42M 0S,13H 17M 0S,S1,3H -25M 0S,2.58,2.45,0.010430930157409238,10.430930157409238,23.97,0.43,23.77,0.3
2019-11-22,3,Light,1,5,B.6.17,Bleached,6,RS1,10H 43M 0S,12H 47M 0S,B2,2H 4M 0S,2.07,3.29,-0.00866160703021333,-8.66160703021333,23.97,0.43,23.77,0.3
2019-11-22,3,Light,1,6,S.6.28,Symbiotic,6,RS1,10H 45M 0S,13H 22M 0S,S2,3H -23M 0S,2.62,2.32,0.011598794036696823,11.598794036696823,23.97,0.43,23.77,0.3
2019-11-22,3,Light,1,9,B.53.21,Bleached,53,RS2,10H 47M 0S,12H 51M 0S,B5,2H 4M 0S,2.07,1.43,-0.013384055389298278,-13.384055389298279,23.97,0.43,23.77,0.3
2019-11-22,3,Light,1,11,S.53.7,Symbiotic,53,RS2,10H 49M 0S,13H 25M 0S,S1,3H -24M 0S,2.6,1.55,0.013045411811121803,13.045411811121804,23.97,0.43,23.77,0.3
2019-11-22,3,Light,1,12,B.53.42,Bleached,53,RS2,10H 50M 0S,12H 57M 0S,B2,2H 7M 0S,2.12,1.63,-0.010998203545916522,-10.998203545916521,23.97,0.43,23.77,0.3
2019-11-22,3,Light,2,1,S.53.8,Symbiotic,53,RS2,10H 52M 0S,13H 29M 0S,S2,3H -23M 0S,2.62,1.39,0.009948956470058203,9.948956470058203,23.97,0.43,24.26,0.43
2019-11-22,3,Light,2,2,B.60.8,Bleached,60,RS3,10H 53M 0S,13H 1M 0S,B1,3H -52M 0S,2.13,2.81,-0.00958194946558244,-9.58194946558244,23.97,0.43,24.26,0.43
2019-11-22,3,Light,2,4,S.60.18,Symbiotic,60,RS3,10H 54M 0S,13H 33M 0S,S1,3H -21M 0S,2.65,2.16,0.011028259920232982,11.028259920232982,23.97,0.43,24.26,0.43
2019-11-22,3,Light,2,5,B.60.26,Bleached,60,RS3,10H 55M 0S,13H 5M 0S,B2,3H -50M 0S,2.17,2.77,-0.007045973479624752,-7.0459734796247515,23.97,0.43,24.26,0.43
2019-11-22,3,Light,2,6,S.60.24,Symbiotic,60,RS3,10H 56M 0S,13H 36M 0S,S2,3H -20M 0S,2.67,3.17,0.00852028732112273,8.52028732112273,23.97,0.43,24.26,0.43
2019-11-22,3,Light,2,7,S.6.10,Symbiotic,6,RS1,10H 58M 0S,14H 17M 0S,S3,4H -41M 0S,3.32,2.19,0.008088602665037671,8.088602665037671,23.97,0.43,24.26,0.43
2019-11-22,3,Light,2,8,B.6.22,Bleached,6,RS1,10H 59M 0S,13H 48M 0S,B3,3H -11M 0S,2.82,2.4,-0.011305686996006387,-11.305686996006388,23.97,0.43,24.26,0.43
2019-11-22,3,Light,2,9,S.6.32,Symbiotic,6,RS1,11H 1M 0S,14H 21M 0S,S4,3H 20M 0S,3.33,3.15,0.006035098173780868,6.035098173780868,23.97,0.43,24.26,0.43
2019-11-22,3,Light,2,10,B.6.8,Bleached,6,RS1,11H 2M 0S,13H 51M 0S,B4,2H 49M 0S,2.82,2.82,-0.010558685376612243,-10.558685376612242,23.97,0.43,24.26,0.43
2019-11-22,3,Light,2,11,S.53.2,Symbiotic,53,RS2,11H 3M 0S,14H 23M 0S,S3,3H 20M 0S,3.33,1.4,0.012620154932190998,12.620154932190998,23.97,0.43,24.26,0.43
2019-11-22,3,Light,3,1,S.53.33,Symbiotic,53,RS2,11H 5M 0S,14H 26M 0S,S4,3H 21M 0S,3.35,2,0.007676755577270375,7.6767555772703755,23.97,0.43,23.89,0.4
2019-11-22,3,Light,3,2,B.53.19,Bleached,53,RS2,11H 7M 0S,13H 55M 0S,B4,2H 48M 0S,2.8,1.83,-0.011453159575099197,-11.453159575099196,23.97,0.43,23.89,0.4
2019-11-22,3,Light,3,4,S.60.2,Symbiotic,60,RS3,11H 8M 0S,14H 29M 0S,S3,3H 21M 0S,3.35,2.2,0.007585381596704411,7.585381596704411,23.97,0.43,23.89,0.4
2019-11-22,3,Light,3,5,B.60.19,Bleached,60,RS3,11H 10M 0S,13H 58M 0S,B3,2H 48M 0S,2.8,2.84,-0.009441145581339072,-9.441145581339072,23.97,0.43,23.89,0.4
2019-11-22,3,Light,3,10,S.60.13,Symbiotic,60,RS3,11H 13M 0S,14H 32M 0S,S1,3H 19M 0S,3.32,3.27,0.007338584821575835,7.338584821575835,23.97,0.43,23.89,0.4
2019-11-22,3,Light,3,7,B.53.40,Bleached,53,RS2,11H 11M 0S,14H 2M 0S,B3,3H -9M 0S,2.85,1.38,-0.016784449396952852,-16.78444939695285,23.97,0.43,23.89,0.4
2019-11-22,3,Light,3,11,B.60.27,Bleached,60,RS3,11H 14M 0S,14H 5M 0S,B4,3H -9M 0S,2.85,2.96,-0.00959142241325457,-9.59142241325457,23.97,0.43,23.89,0.4
2019-11-22,3,Dark,1,2,B.6.29,Bleached,6,RS1,15H 15M 0S,16H 55M 0S,B1,1H 40M 0S,1.67,1.9,-0.006029250900854729,-6.029250900854729,23.7,0.12,23.76,0.08
2019-11-22,3,Dark,1,3,S.6.26,Symbiotic,6,RS1,15H 16M 0S,17H 14M 0S,S1,2H -2M 0S,1.97,2.45,-0.011371290588644122,-11.371290588644122,23.7,0.12,23.76,0.08
2019-11-22,3,Dark,1,5,B.6.17,Bleached,6,RS1,15H 17M 0S,16H 58M 0S,B2,1H 41M 0S,1.68,3.29,-0.007217259577905874,-7.217259577905875,23.7,0.12,23.76,0.08
2019-11-22,3,Dark,1,6,S.6.28,Symbiotic,6,RS1,15H 19M 0S,17H 18M 0S,S2,2H -1M 0S,1.98,2.32,-0.011601784669252909,-11.60178466925291,23.7,0.12,23.76,0.08
2019-11-22,3,Dark,1,9,B.53.21,Bleached,53,RS2,15H 21M 0S,17H 1M 0S,B5,2H -20M 0S,1.67,1.43,-0.013626235546422706,-13.626235546422706,23.7,0.12,23.76,0.08
2019-11-22,3,Dark,1,11,S.53.7,Symbiotic,53,RS2,15H 22M 0S,17H 20M 0S,S1,2H -2M 0S,1.97,1.55,-0.014070258400553747,-14.070258400553747,23.7,0.12,23.76,0.08
2019-11-22,3,Dark,1,12,B.53.42,Bleached,53,RS2,15H 23M 0S,17H 3M 0S,B2,2H -20M 0S,1.67,1.63,-0.01250167631916978,-12.50167631916978,23.7,0.12,23.76,0.08
2019-11-22,3,Dark,2,1,S.53.8,Symbiotic,53,RS2,15H 24M 0S,17H 22M 0S,S2,2H -2M 0S,1.97,1.39,-0.011336790719092457,-11.336790719092457,23.7,0.12,23.73,0.14
2019-11-22,3,Dark,2,2,B.60.8,Bleached,60,RS3,15H 25M 0S,17H 5M 0S,B1,2H -20M 0S,1.67,2.81,-0.006616833189509676,-6.616833189509676,23.7,0.12,23.73,0.14
2019-11-22,3,Dark,2,4,S.60.18,Symbiotic,60,RS3,15H 27M 0S,17H 25M 0S,S1,2H -2M 0S,1.97,2.16,-0.010096713204101068,-10.096713204101068,23.7,0.12,23.73,0.14
2019-11-22,3,Dark,2,5,B.60.26,Bleached,60,RS3,15H 28M 0S,17H 8M 0S,B2,2H -20M 0S,1.67,2.77,-0.006712383127264329,-6.712383127264329,23.7,0.12,23.73,0.14
2019-11-22,3,Dark,2,6,S.60.24,Symbiotic,60,RS3,15H 29M 0S,17H 27M 0S,S2,2H -2M 0S,1.97,3.17,-0.007356968730658756,-7.356968730658756,23.7,0.12,23.73,0.14
2019-11-22,3,Dark,2,7,S.60.2,Symbiotic,60,RS3,15H 30M 0S,17H 30M 0S,S3,2H 0M 0S,2,2.2,-0.009357910481331532,-9.357910481331533,23.7,0.12,23.73,0.14
2019-11-22,3,Dark,2,8,B.6.22,Bleached,6,RS1,15H 31M 0S,17H 10M 0S,B3,2H -21M 0S,1.65,2.4,-0.008267667941220575,-8.267667941220575,23.7,0.12,23.73,0.14
2019-11-22,3,Dark,2,9,S.6.32,Symbiotic,6,RS1,15H 33M 0S,17H 39M 0S,S4,2H 6M 0S,2.1,3.15,-0.0038214733822753877,-3.821473382275388,23.7,0.12,23.73,0.14
2019-11-22,3,Dark,2,10,B.6.8,Bleached,6,RS1,15H 33M 0S,17H 42M 0S,B4,2H 9M 0S,2.15,2.82,-0.00826507777943232,-8.26507777943232,23.7,0.12,23.73,0.14
2019-11-22,3,Dark,2,11,S.53.2,Symbiotic,53,RS2,15H 35M 0S,17H 59M 0S,S3,2H 24M 0S,2.4,1.4,-0.015060049803997172,-15.060049803997172,23.7,0.12,23.73,0.14
2019-11-22,3,Dark,3,1,S.53.33,Symbiotic,53,RS2,15H 37M 0S,18H 2M 0S,S4,3H -35M 0S,2.42,2,-0.010721614752605184,-10.721614752605184,23.7,0.12,23.61,0.05
2019-11-22,3,Dark,3,2,B.53.19,Bleached,53,RS2,15H 38M 0S,17H 44M 0S,B4,2H 6M 0S,2.1,1.83,-0.01433230455991457,-14.33230455991457,23.7,0.12,23.61,0.05
2019-11-22,3,Dark,3,4,S.6.10,Symbiotic,6,RS1,15H 40M 0S,18H 4M 0S,S3,3H -36M 0S,2.4,2.19,-0.010477885719450247,-10.477885719450247,23.7,0.12,23.61,0.05
2019-11-22,3,Dark,3,5,B.60.19,Bleached,60,RS3,15H 42M 0S,17H 47M 0S,B3,2H 5M 0S,2.08,2.84,-0.010114470199514678,-10.114470199514678,23.7,0.12,23.61,0.05
2019-11-22,3,Dark,3,10,S.60.13,Symbiotic,60,RS3,15H 43M 0S,18H 6M 0S,S1,3H -37M 0S,2.38,3.27,-0.008059121537821795,-8.059121537821795,23.7,0.12,23.61,0.05
2019-11-22,3,Dark,3,7,B.53.40,Bleached,53,RS2,15H 44M 0S,17H 49M 0S,B3,2H 5M 0S,2.08,1.38,-0.01614346375507703,-16.14346375507703,23.7,0.12,23.61,0.05
2019-11-22,3,Dark,3,11,B.60.27,Bleached,60,RS3,15H 45M 0S,17H 54M 0S,B4,2H 9M 0S,2.15,2.96,-0.012556751504823722,-12.556751504823723,23.7,0.12,23.61,0.05
2019-11-23,4,Light,1,2,B.6.29,Bleached,6,RS1,10H 28M 0S,12H 21M 0S,B1,2H -7M 0S,1.88,1.9,-0.004023357645306319,-4.0233576453063185,24.44,0.3,24.59,0.35
2019-11-23,4,Light,1,3,S.6.26,Symbiotic,6,RS1,10H 29M 0S,12H 52M 0S,S1,2H 23M 0S,2.38,2.45,0.00519003238819832,5.190032388198319,24.44,0.3,24.59,0.35
2019-11-23,4,Light,1,5,B.6.17,Bleached,6,RS1,10H 30M 0S,12H 25M 0S,B2,2H -5M 0S,1.92,3.29,-0.0029458384814882036,-2.9458384814882037,24.44,0.3,24.59,0.35
2019-11-23,4,Light,1,6,S.6.28,Symbiotic,6,RS1,10H 32M 0S,12H 54M 0S,S2,2H 22M 0S,2.37,2.32,0.011455112143222035,11.455112143222035,24.44,0.3,24.59,0.35
2019-11-23,4,Light,1,9,B.53.21,Bleached,53,RS2,10H 34M 0S,12H 29M 0S,B5,2H -5M 0S,1.92,1.43,-0.006777488534333,-6.777488534333,24.44,0.3,24.59,0.35
2019-11-23,4,Light,1,11,S.53.7,Symbiotic,53,RS2,10H 35M 0S,12H 57M 0S,S1,2H 22M 0S,2.37,1.55,0.013089638929710637,13.089638929710638,24.44,0.3,24.59,0.35
2019-11-23,4,Light,1,12,B.53.42,Bleached,53,RS2,10H 36M 0S,12H 33M 0S,B2,2H -3M 0S,1.95,1.63,-0.005330628213933482,-5.3306282139334815,24.44,0.3,24.59,0.35
2019-11-23,4,Light,2,1,S.53.8,Symbiotic,53,RS2,10H 38M 0S,13H 2M 0S,S2,3H -36M 0S,2.4,1.39,0.008659969829187394,8.659969829187395,24.44,0.3,24.37,0.27
2019-11-23,4,Light,2,2,B.60.8,Bleached,60,RS3,10H 39M 0S,12H 36M 0S,B1,2H -3M 0S,1.95,2.81,-0.003907911630255967,-3.9079116302559673,24.44,0.3,24.37,0.27
2019-11-23,4,Light,2,4,S.60.18,Symbiotic,60,RS3,10H 40M 0S,13H 5M 0S,S1,3H -35M 0S,2.42,2.16,0.011250045883982606,11.250045883982606,24.44,0.3,24.37,0.27
2019-11-23,4,Light,2,5,B.60.26,Bleached,60,RS3,10H 41M 0S,12H 41M 0S,B2,2H 0M 0S,2,2.77,-0.005426344863091284,-5.426344863091284,24.44,0.3,24.37,0.27
2019-11-23,4,Light,2,6,S.60.24,Symbiotic,60,RS3,10H 49M 0S,13H 10M 0S,S2,3H -39M 0S,2.35,3.17,0.00963933258791963,9.63933258791963,24.44,0.3,24.37,0.27
2019-11-23,4,Light,2,7,S.6.10,Symbiotic,6,RS1,10H 45M 0S,13H 57M 0S,S3,3H 12M 0S,3.2,2.19,0.006701324077277234,6.701324077277234,24.44,0.3,24.37,0.27
2019-11-23,4,Light,2,8,B.6.22,Bleached,6,RS1,10H 46M 0S,13H 23M 0S,B3,3H -23M 0S,2.62,2.4,-0.007286570484955259,-7.286570484955259,24.44,0.3,24.37,0.27
2019-11-23,4,Light,2,9,S.6.32,Symbiotic,6,RS1,10H 47M 0S,14H 2M 0S,S4,4H -45M 0S,3.25,3.15,0.0076722178627614875,7.672217862761488,24.44,0.3,24.37,0.27
2019-11-23,4,Light,2,10,B.6.8,Bleached,6,RS1,10H 48M 0S,13H 27M 0S,B4,3H -21M 0S,2.65,2.82,-0.0069052702351828695,-6.905270235182869,24.44,0.3,24.37,0.27
2019-11-23,4,Light,2,11,S.53.2,Symbiotic,53,RS2,10H 50M 0S,14H 6M 0S,S3,4H -44M 0S,3.27,1.4,0.01392767821419953,13.92767821419953,24.44,0.3,24.37,0.27
2019-11-23,4,Light,3,1,S.53.33,Symbiotic,53,RS2,10H 52M 0S,14H 9M 0S,S4,4H -43M 0S,3.28,2,0.009047134315838083,9.047134315838083,24.44,0.3,24.35,0.2
2019-11-23,4,Light,3,2,B.53.19,Bleached,53,RS2,10H 53M 0S,13H 31M 0S,B4,3H -22M 0S,2.63,1.83,-0.006721449637870373,-6.721449637870373,24.44,0.3,24.35,0.2
2019-11-23,4,Light,3,4,S.60.2,Symbiotic,60,RS3,10H 54M 0S,14H 12M 0S,S3,4H -42M 0S,3.3,2.2,0.010037986447173908,10.037986447173907,24.44,0.3,24.35,0.2
2019-11-23,4,Light,3,5,B.60.19,Bleached,60,RS3,10H 55M 0S,13H 35M 0S,B3,3H -20M 0S,2.67,2.84,-0.005610922610768691,-5.610922610768691,24.44,0.3,24.35,0.2
2019-11-23,4,Light,3,10,S.60.13,Symbiotic,60,RS3,10H 57M 0S,14H 16M 0S,S1,4H -41M 0S,3.32,3.27,0.009605611630104574,9.605611630104574,24.44,0.3,24.35,0.2
2019-11-23,4,Light,3,7,B.53.40,Bleached,53,RS2,10H 58M 0S,13H 40M 0S,B3,3H -18M 0S,2.7,1.38,-0.013371345472640824,-13.371345472640824,24.44,0.3,24.35,0.2
2019-11-23,4,Light,3,11,B.60.27,Bleached,60,RS3,11H 0M 0S,13H 45M 0S,B4,2H 45M 0S,2.75,2.96,-0.007549162407198753,-7.549162407198753,24.44,0.3,24.35,0.2
2019-11-23,4,Dark,1,2,B.6.29,Bleached,6,RS1,14H 51M 0S,16H 43M 0S,B1,2H -8M 0S,1.87,1.9,-5.663568724417939e-5,-0.05663568724417939,23.95,0.2,24.06,0.21
2019-11-23,4,Dark,1,3,S.6.26,Symbiotic,6,RS1,14H 53M 0S,17H 7M 0S,S1,3H -46M 0S,2.23,2.45,-0.008381537888125443,-8.381537888125443,23.95,0.2,24.06,0.21
2019-11-23,4,Dark,1,5,B.6.17,Bleached,6,RS1,14H 54M 0S,16H 46M 0S,B2,2H -8M 0S,1.87,3.29,-0.001728008484108149,-1.7280084841081491,23.95,0.2,24.06,0.21
2019-11-23,4,Dark,1,6,S.6.28,Symbiotic,6,RS1,14H 56M 0S,17H 12M 0S,S2,3H -44M 0S,2.27,2.32,-0.012234883114777018,-12.234883114777018,23.95,0.2,24.06,0.21
2019-11-23,4,Dark,1,9,B.53.21,Bleached,53,RS2,14H 58M 0S,16H 49M 0S,B5,2H -9M 0S,1.85,1.43,-0.003593119827947236,-3.593119827947236,23.95,0.2,24.06,0.21
2019-11-23,4,Dark,1,11,S.53.7,Symbiotic,53,RS2,14H 59M 0S,17H 15M 0S,S1,3H -44M 0S,2.27,1.55,-0.01323114635090569,-13.231146350905691,23.95,0.2,24.06,0.21
2019-11-23,4,Dark,1,12,B.53.42,Bleached,53,RS2,15H 1M 0S,16H 53M 0S,B2,1H 52M 0S,1.87,1.63,-0.0015325043787207029,-1.5325043787207029,23.95,0.2,24.06,0.21
2019-11-23,4,Dark,2,1,S.53.8,Symbiotic,53,RS2,15H 2M 0S,17H 18M 0S,S2,2H 16M 0S,2.27,1.39,-0.008615278558508447,-8.615278558508447,23.95,0.2,23.77,0.11
2019-11-23,4,Dark,2,2,B.60.8,Bleached,60,RS3,15H 4M 0S,16H 56M 0S,B1,1H 52M 0S,1.87,2.81,-0.0028738513324792236,-2.8738513324792234,23.95,0.2,23.77,0.11
2019-11-23,4,Dark,2,4,S.60.18,Symbiotic,60,RS3,15H 6M 0S,17H 22M 0S,S1,2H 16M 0S,2.27,2.16,-0.009190689434585921,-9.190689434585922,23.95,0.2,23.77,0.11
2019-11-23,4,Dark,2,5,B.60.26,Bleached,60,RS3,15H 8M 0S,17H 0M 0S,B2,2H -8M 0S,1.87,2.77,-0.0046412530351509825,-4.641253035150982,23.95,0.2,23.77,0.11
2019-11-23,4,Dark,2,6,S.60.24,Symbiotic,60,RS3,15H 10M 0S,17H 26M 0S,S2,2H 16M 0S,2.27,3.17,-0.008125986802993607,-8.125986802993607,23.95,0.2,23.77,0.11
2019-11-23,4,Dark,2,7,S.6.10,Symbiotic,6,RS1,15H 11M 0S,17H 30M 0S,S3,2H 19M 0S,2.32,2.19,-0.012209269931019145,-12.209269931019145,23.95,0.2,23.77,0.11
2019-11-23,4,Dark,2,8,B.6.22,Bleached,6,RS1,15H 13M 0S,17H 2M 0S,B3,2H -11M 0S,1.82,2.4,-0.005371372794624126,-5.3713727946241265,23.95,0.2,23.77,0.11
2019-11-23,4,Dark,2,9,S.6.32,Symbiotic,6,RS1,15H 14M 0S,17H 33M 0S,S4,2H 19M 0S,2.32,3.15,-0.008488349571089501,-8.4883495710895,23.95,0.2,23.77,0.11
2019-11-23,4,Dark,2,10,B.6.8,Bleached,6,RS1,15H 16M 0S,17H 38M 0S,B4,2H 22M 0S,2.37,2.82,-0.00847651328595961,-8.47651328595961,23.95,0.2,23.77,0.11
2019-11-23,4,Dark,2,11,S.53.2,Symbiotic,53,RS2,15H 18M 0S,17H 55M 0S,S3,2H 37M 0S,2.62,1.4,-0.007703729565072087,-7.703729565072087,23.95,0.2,23.77,0.11
2019-11-23,4,Dark,3,7,B.53.40,Bleached,53,RS2,15H 28M 0S,18H 20M 0S,B3,3H -8M 0S,2.87,1.38,-0.013508718677469663,-13.508718677469663,23.95,0.2,24.03,0.09
2019-11-23,4,Dark,3,1,S.53.33,Symbiotic,53,RS2,15H 21M 0S,18H 0M 0S,S4,3H -21M 0S,2.65,2,-0.009164287204264276,-9.164287204264276,23.95,0.2,24.03,0.09
2019-11-23,4,Dark,3,2,B.53.19,Bleached,53,RS2,15H 23M 0S,18H 11M 0S,B4,3H -12M 0S,2.8,1.83,-0.010108886196756796,-10.108886196756796,23.95,0.2,24.03,0.09
2019-11-23,4,Dark,3,4,S.60.2,Symbiotic,60,RS3,15H 25M 0S,18H 4M 0S,S3,3H -21M 0S,2.65,2.2,-0.009864617870085874,-9.864617870085874,23.95,0.2,24.03,0.09
2019-11-23,4,Dark,3,5,B.60.19,Bleached,60,RS3,15H 26M 0S,18H 16M 0S,B3,3H -10M 0S,2.83,2.84,-0.006747545788346446,-6.7475457883464465,23.95,0.2,24.03,0.09
2019-11-23,4,Dark,3,10,S.60.13,Symbiotic,60,RS3,15H 33M 0S,18H 8M 0S,S1,3H -25M 0S,2.58,3.27,-0.009617147175496776,-9.617147175496775,23.95,0.2,24.03,0.09
2019-11-23,4,Dark,3,11,B.60.27,Bleached,60,RS3,15H 34M 0S,18H 24M 0S,B4,3H -10M 0S,2.83,2.96,-0.008608463256863961,-8.608463256863962,23.95,0.2,24.03,0.09
2019-11-24,5,Light,1,2,B.6.29,Bleached,6,RS1,10H 32M 0S,12H 28M 0S,B1,2H -4M 0S,1.93,1.9,-0.004906374360550967,-4.906374360550967,25.1,0.22,25.19,0.22
2019-11-24,5,Light,1,3,S.6.26,Symbiotic,6,RS1,10H 33M 0S,13H 0M 0S,S1,3H -33M 0S,2.45,2.45,0.010239981768274963,10.239981768274964,25.1,0.22,25.19,0.22
2019-11-24,5,Light,1,5,B.6.17,Bleached,6,RS1,10H 34M 0S,12H 33M 0S,B2,2H -1M 0S,1.98,3.29,-0.004562580628137365,-4.562580628137365,25.1,0.22,25.19,0.22
2019-11-24,5,Light,1,6,S.6.28,Symbiotic,6,RS1,10H 35M 0S,13H 4M 0S,S2,3H -31M 0S,2.48,2.32,0.009925882542315639,9.92588254231564,25.1,0.22,25.19,0.22
2019-11-24,5,Light,1,9,B.53.21,Bleached,53,RS2,10H 38M 0S,12H 39M 0S,B5,2H 1M 0S,2.02,1.43,-0.010236610498494097,-10.236610498494096,25.1,0.22,25.19,0.22
2019-11-24,5,Light,1,11,S.53.7,Symbiotic,53,RS2,10H 39M 0S,13H 7M 0S,S1,3H -32M 0S,2.47,1.55,0.009069226951809239,9.069226951809238,25.1,0.22,25.19,0.22
2019-11-24,5,Light,1,12,B.53.42,Bleached,53,RS2,10H 40M 0S,12H 42M 0S,B2,2H 2M 0S,2.03,1.63,-0.007123651568643494,-7.123651568643494,25.1,0.22,25.19,0.22
2019-11-24,5,Light,2,1,S.53.8,Symbiotic,53,RS2,10H 41M 0S,13H 10M 0S,S2,3H -31M 0S,2.48,1.39,0.00921894807248412,9.218948072484121,25.1,0.22,24.97,0.2
2019-11-24,5,Light,2,2,B.60.8,Bleached,60,RS3,10H 43M 0S,12H 45M 0S,B1,2H 2M 0S,2.03,2.81,-0.003871018472991333,-3.871018472991333,25.1,0.22,24.97,0.2
2019-11-24,5,Light,2,4,S.60.18,Symbiotic,60,RS3,10H 44M 0S,13H 13M 0S,S1,3H -31M 0S,2.48,2.16,0.010104830830993736,10.104830830993736,25.1,0.22,24.97,0.2
2019-11-24,5,Light,2,5,B.60.26,Bleached,60,RS3,10H 45M 0S,12H 48M 0S,B2,2H 3M 0S,2.05,2.77,-0.005711967219257423,-5.711967219257423,25.1,0.22,24.97,0.2
2019-11-24,5,Light,2,6,S.60.24,Symbiotic,60,RS3,10H 46M 0S,13H 15M 0S,S2,3H -31M 0S,2.48,3.17,0.007264368295953401,7.264368295953401,25.1,0.22,24.97,0.2
2019-11-24,5,Light,2,7,S.6.10,Symbiotic,6,RS1,10H 48M 0S,13H 57M 0S,S3,3H 9M 0S,3.15,2.19,0.00972777550143684,9.72777550143684,25.1,0.22,24.97,0.2
2019-11-24,5,Light,2,8,B.6.22,Bleached,6,RS1,10H 49M 0S,13H 27M 0S,B3,3H -22M 0S,2.63,2.4,-0.009038356471411413,-9.038356471411413,25.1,0.22,24.97,0.2
2019-11-24,5,Light,2,9,S.6.32,Symbiotic,6,RS1,10H 59M 0S,14H 9M 0S,S4,4H -50M 0S,3.17,3.15,0.008518662472344223,8.518662472344223,25.1,0.22,24.97,0.2
2019-11-24,5,Light,2,10,B.6.8,Bleached,6,RS1,10H 52M 0S,13H 31M 0S,B4,3H -21M 0S,2.65,2.82,-0.008820294557288591,-8.820294557288591,25.1,0.22,24.97,0.2
2019-11-24,5,Light,2,11,S.53.2,Symbiotic,53,RS2,10H 53M 0S,14H 3M 0S,S3,4H -50M 0S,3.17,1.4,0.016481096015681217,16.481096015681217,25.1,0.22,24.97,0.2
2019-11-24,5,Light,3,7,B.53.40,Bleached,53,RS2,11H 2M 0S,13H 44M 0S,B3,2H 42M 0S,2.7,1.38,-0.013240458715590358,-13.240458715590357,25.1,0.22,25.12,0.17
2019-11-24,5,Light,3,1,S.53.33,Symbiotic,53,RS2,10H 55M 0S,14H 6M 0S,S4,4H -49M 0S,3.18,2,0.009397975869191638,9.397975869191638,25.1,0.22,25.12,0.17
2019-11-24,5,Light,3,2,B.53.19,Bleached,53,RS2,10H 57M 0S,13H 36M 0S,B4,3H -21M 0S,2.65,1.83,-0.007754214089414915,-7.754214089414916,25.1,0.22,25.12,0.17
2019-11-24,5,Light,3,4,S.60.2,Symbiotic,60,RS3,10H 58M 0S,14H 10M 0S,S3,4H -48M 0S,3.2,2.2,0.009135961839345171,9.135961839345171,25.1,0.22,25.12,0.17
2019-11-24,5,Light,3,5,B.60.19,Bleached,60,RS3,10H 59M 0S,13H 40M 0S,B3,3H -19M 0S,2.68,2.84,-0.007274804760776338,-7.2748047607763375,25.1,0.22,25.12,0.17
2019-11-24,5,Light,3,10,S.60.13,Symbiotic,60,RS3,11H 1M 0S,14H 12M 0S,S1,3H 11M 0S,3.18,3.27,0.007754036748029429,7.754036748029429,25.1,0.22,25.12,0.17
2019-11-24,5,Light,3,11,B.60.27,Bleached,60,RS3,11H 4M 0S,13H 47M 0S,B4,2H 43M 0S,2.72,2.96,-0.008153803700486696,-8.153803700486696,25.1,0.22,25.12,0.17
2019-11-24,5,Dark,1,2,B.6.29,Bleached,6,RS1,14H 38M 0S,16H 24M 0S,B1,2H -14M 0S,1.77,1.9,-0.011140812929331749,-11.140812929331748,24.91,0.16,25.03,0.03
2019-11-24,5,Dark,1,3,S.6.26,Symbiotic,6,RS1,14H 39M 0S,16H 42M 0S,S1,2H 3M 0S,2.05,2.45,-0.015194937522026863,-15.194937522026864,24.91,0.16,25.03,0.03
2019-11-24,5,Dark,1,5,B.6.17,Bleached,6,RS1,14H 40M 0S,16H 26M 0S,B2,2H -14M 0S,1.77,3.29,-0.0072015101199221524,-7.201510119922152,24.91,0.16,25.03,0.03
2019-11-24,5,Dark,1,6,S.6.28,Symbiotic,6,RS1,14H 43M 0S,16H 44M 0S,S2,2H 1M 0S,2.02,2.32,-0.015680357784939446,-15.680357784939446,24.91,0.16,25.03,0.03
2019-11-24,5,Dark,1,9,B.53.21,Bleached,53,RS2,14H 45M 0S,16H 29M 0S,B5,2H -16M 0S,1.73,1.43,-0.01281526897070337,-12.81526897070337,24.91,0.16,25.03,0.03
2019-11-24,5,Dark,1,11,S.53.7,Symbiotic,53,RS2,14H 47M 0S,16H 46M 0S,S1,2H -1M 0S,1.98,1.55,-0.02158083048179231,-21.580830481792308,24.91,0.16,25.03,0.03
2019-11-24,5,Dark,1,12,B.53.42,Bleached,53,RS2,14H 48M 0S,16H 31M 0S,B2,2H -17M 0S,1.72,1.63,-0.010794328332480799,-10.794328332480799,24.91,0.16,25.03,0.03
2019-11-24,5,Dark,2,1,S.53.8,Symbiotic,53,RS2,14H 49M 0S,16H 48M 0S,S2,2H -1M 0S,1.98,1.39,-0.021358029485001317,-21.358029485001317,24.91,0.16,24.7,0.11
2019-11-24,5,Dark,2,2,B.60.8,Bleached,60,RS3,14H 51M 0S,16H 34M 0S,B1,2H -17M 0S,1.72,2.81,-0.0068780474453660435,-6.878047445366043,24.91,0.16,24.7,0.11
2019-11-24,5,Dark,2,4,S.60.18,Symbiotic,60,RS3,14H 52M 0S,16H 50M 0S,S1,2H -2M 0S,1.97,2.16,-0.014876117163691647,-14.876117163691646,24.91,0.16,24.7,0.11
2019-11-24,5,Dark,2,5,B.60.26,Bleached,60,RS3,14H 53M 0S,16H 37M 0S,B2,2H -16M 0S,1.73,2.77,-0.008792323596465656,-8.792323596465655,24.91,0.16,24.7,0.11
2019-11-24,5,Dark,2,6,S.60.24,Symbiotic,60,RS3,14H 55M 0S,16H 55M 0S,S2,2H 0M 0S,2,3.17,-0.011841166993056847,-11.841166993056847,24.91,0.16,24.7,0.11
2019-11-24,5,Dark,2,7,S.6.10,Symbiotic,6,RS1,15H 0M 0S,16H 53M 0S,S3,1H 53M 0S,1.88,2.19,-0.016206261248377925,-16.206261248377924,24.91,0.16,24.7,0.11
2019-11-24,5,Dark,2,8,B.6.22,Bleached,6,RS1,15H 1M 0S,17H 11M 0S,B3,2H 10M 0S,2.17,2.4,-0.009676488791962127,-9.676488791962127,24.91,0.16,24.7,0.11
2019-11-24,5,Dark,2,9,S.6.32,Symbiotic,6,RS1,15H 3M 0S,17H 27M 0S,S4,2H 24M 0S,2.4,3.15,-0.01164042307978525,-11.64042307978525,24.91,0.16,24.7,0.11
2019-11-24,5,Dark,2,10,B.6.8,Bleached,6,RS1,15H 4M 0S,17H 13M 0S,B4,2H 9M 0S,2.15,2.82,-0.009311186482134085,-9.311186482134085,24.91,0.16,24.7,0.11
2019-11-24,5,Dark,2,11,S.53.2,Symbiotic,53,RS2,15H 6M 0S,17H 29M 0S,S3,2H 23M 0S,2.38,1.4,-0.022863195827075838,-22.863195827075838,24.91,0.16,24.7,0.11
2019-11-24,5,Dark,3,7,B.53.40,Bleached,53,RS2,15H 17M 0S,17H 20M 0S,B3,2H 3M 0S,2.05,1.38,-0.02170964075799927,-21.70964075799927,24.91,0.16,24.98,0.04
2019-11-24,5,Dark,3,1,S.53.33,Symbiotic,53,RS2,15H 8M 0S,17H 33M 0S,S4,2H 25M 0S,2.42,2,-0.01600682406416039,-16.00682406416039,24.91,0.16,24.98,0.04
2019-11-24,5,Dark,3,2,B.53.19,Bleached,53,RS2,15H 9M 0S,17H 16M 0S,B4,2H 7M 0S,2.12,1.83,-0.015741720450597803,-15.741720450597803,24.91,0.16,24.98,0.04
2019-11-24,5,Dark,3,4,S.60.2,Symbiotic,60,RS3,15H 13M 0S,17H 36M 0S,S3,2H 23M 0S,2.38,2.2,-0.015687579926626564,-15.687579926626563,24.91,0.16,24.98,0.04
2019-11-24,5,Dark,3,5,B.60.19,Bleached,60,RS3,15H 14M 0S,17H 18M 0S,B3,2H 4M 0S,2.07,2.84,-0.010683813651040984,-10.683813651040984,24.91,0.16,24.98,0.04
2019-11-24,5,Dark,3,10,S.60.13,Symbiotic,60,RS3,15H 16M 0S,17H 41M 0S,S1,2H 25M 0S,2.42,3.27,-0.015627041280680404,-15.627041280680404,24.91,0.16,24.98,0.04
2019-11-24,5,Dark,3,11,B.60.27,Bleached,60,RS3,15H 19M 0S,17H 24M 0S,B4,2H 5M 0S,2.08,2.96,-0.012371478476711866,-12.371478476711866,24.91,0.16,24.98,0.04
2019-11-25,6,Light,1,2,B.6.29,Bleached,6,RS1,10H 30M 0S,12H 42M 0S,B1,2H 12M 0S,2.2,1.9,-0.014083182175461461,-14.083182175461461,26.24,0.18,26.28,0.17
2019-11-25,6,Light,1,3,S.6.26,Symbiotic,6,RS1,10H 32M 0S,13H 11M 0S,S1,3H -21M 0S,2.65,2.45,0.009279174645038916,9.279174645038916,26.24,0.18,26.28,0.17
2019-11-25,6,Light,1,5,B.6.17,Bleached,6,RS1,10H 34M 0S,12H 46M 0S,B2,2H 12M 0S,2.2,3.29,-0.008339002693206535,-8.339002693206535,26.24,0.18,26.28,0.17
2019-11-25,6,Light,1,6,S.6.28,Symbiotic,6,RS1,10H 35M 0S,13H 31M 0S,S2,3H -4M 0S,2.93,2.32,0.007373921719982272,7.373921719982272,26.24,0.18,26.28,0.17
2019-11-25,6,Light,1,9,B.53.21,Bleached,53,RS2,10H 38M 0S,12H 50M 0S,B5,2H 12M 0S,2.2,1.43,-0.015870216622196093,-15.870216622196093,26.24,0.18,26.28,0.17
2019-11-25,6,Light,1,11,S.53.7,Symbiotic,53,RS2,10H 40M 0S,13H 17M 0S,S1,3H -23M 0S,2.62,1.55,0.011485395680331339,11.485395680331338,26.24,0.18,26.28,0.17
2019-11-25,6,Light,1,12,B.53.42,Bleached,53,RS2,10H 42M 0S,12H 53M 0S,B2,2H 11M 0S,2.18,1.63,-0.012409598650162843,-12.409598650162843,26.24,0.18,26.28,0.17
2019-11-25,6,Light,2,1,S.53.8,Symbiotic,53,RS2,10H 44M 0S,13H 20M 0S,S2,3H -24M 0S,2.6,1.39,0.00751068774426282,7.51068774426282,26.24,0.18,26.23,0.22
2019-11-25,6,Light,2,2,B.60.8,Bleached,60,RS3,10H 46M 0S,12H 56M 0S,B1,2H 10M 0S,2.17,2.81,-0.006753456388231387,-6.7534563882313865,26.24,0.18,26.23,0.22
2019-11-25,6,Light,2,4,S.60.18,Symbiotic,60,RS3,10H 48M 0S,13H 24M 0S,S1,3H -24M 0S,2.6,2.16,0.011200788017764569,11.20078801776457,26.24,0.18,26.23,0.22
2019-11-25,6,Light,2,5,B.60.26,Bleached,60,RS3,10H 50M 0S,13H 0M 0S,B2,3H -50M 0S,2.17,2.77,-0.007594628261744252,-7.594628261744252,26.24,0.18,26.23,0.22
2019-11-25,6,Light,2,6,S.60.24,Symbiotic,60,RS3,10H 51M 0S,13H 27M 0S,S2,3H -24M 0S,2.6,3.17,0.0067281758684501125,6.728175868450112,26.24,0.18,26.23,0.22
2019-11-25,6,Light,2,7,S.6.10,Symbiotic,6,RS1,10H 53M 0S,14H 9M 0S,S3,4H -44M 0S,3.27,2.19,0.007304623215724383,7.3046232157243836,26.24,0.18,26.23,0.22
2019-11-25,6,Light,2,8,B.6.22,Bleached,6,RS1,10H 54M 0S,13H 38M 0S,B3,3H -16M 0S,2.73,2.4,-0.00846469676691787,-8.46469676691787,26.24,0.18,26.23,0.22
2019-11-25,6,Light,2,9,S.6.32,Symbiotic,6,RS1,10H 57M 0S,14H 11M 0S,S4,4H -46M 0S,3.23,3.15,0.005555404740738862,5.555404740738862,26.24,0.18,26.23,0.22
2019-11-25,6,Light,2,10,B.6.8,Bleached,6,RS1,10H 59M 0S,13H 41M 0S,B4,3H -18M 0S,2.7,2.82,-0.008679214964793208,-8.679214964793209,26.24,0.18,26.23,0.22
2019-11-25,6,Light,2,11,S.53.2,Symbiotic,53,RS2,11H 0M 0S,14H 15M 0S,S3,3H 15M 0S,3.25,1.4,0.015725721293342262,15.725721293342263,26.24,0.18,26.23,0.22
2019-11-25,6,Light,3,7,B.53.40,Bleached,53,RS2,11H 10M 0S,13H 53M 0S,B3,2H 43M 0S,2.72,1.38,-0.015586364128270393,-15.586364128270393,26.24,0.18,26.21,0.14
2019-11-25,6,Light,3,1,S.53.33,Symbiotic,53,RS2,11H 3M 0S,14H 18M 0S,S4,3H 15M 0S,3.25,2,0.004818774136108813,4.8187741361088134,26.24,0.18,26.21,0.14
2019-11-25,6,Light,3,2,B.53.19,Bleached,53,RS2,11H 4M 0S,13H 45M 0S,B4,2H 41M 0S,2.68,1.83,-0.011373890606801077,-11.373890606801078,26.24,0.18,26.21,0.14
2019-11-25,6,Light,3,4,S.60.2,Symbiotic,60,RS3,11H 5M 0S,14H 22M 0S,S3,3H 17M 0S,3.28,2.2,0.007258159840603782,7.258159840603782,26.24,0.18,26.21,0.14
2019-11-25,6,Light,3,5,B.60.19,Bleached,60,RS3,11H 7M 0S,13H 49M 0S,B3,2H 42M 0S,2.7,2.84,-0.008229465667962375,-8.229465667962375,26.24,0.18,26.21,0.14
2019-11-25,6,Light,3,10,S.60.13,Symbiotic,60,RS3,11H 8M 0S,14H 25M 0S,S1,3H 17M 0S,3.28,3.27,0.007522645018441569,7.522645018441569,26.24,0.18,26.21,0.14
2019-11-25,6,Light,3,11,B.60.27,Bleached,60,RS3,11H 11M 0S,13H 56M 0S,B4,2H 45M 0S,2.75,2.96,-0.009543258828843507,-9.543258828843507,26.24,0.18,26.21,0.14
2019-11-25,6,Dark,1,2,B.6.29,Bleached,6,RS1,14H 46M 0S,16H 24M 0S,B1,2H -22M 0S,1.63,1.9,-0.010542656453557085,-10.542656453557084,25.87,0.14,25.99,0.04
2019-11-25,6,Dark,1,3,S.6.26,Symbiotic,6,RS1,14H 48M 0S,16H 42M 0S,S1,2H -6M 0S,1.9,2.45,-0.013360151479004162,-13.360151479004161,25.87,0.14,25.99,0.04
2019-11-25,6,Dark,1,5,B.6.17,Bleached,6,RS1,14H 49M 0S,16H 27M 0S,B2,2H -22M 0S,1.63,3.29,-0.006366309328634138,-6.366309328634138,25.87,0.14,25.99,0.04
2019-11-25,6,Dark,1,6,S.6.28,Symbiotic,6,RS1,14H 50M 0S,16H 46M 0S,S2,2H -4M 0S,1.93,2.32,-0.0161754423081556,-16.1754423081556,25.87,0.14,25.99,0.04
2019-11-25,6,Dark,1,9,B.53.21,Bleached,53,RS2,14H 53M 0S,16H 29M 0S,B5,2H -24M 0S,1.6,1.43,-0.0124016397257138,-12.401639725713801,25.87,0.14,25.99,0.04
2019-11-25,6,Dark,1,11,S.53.7,Symbiotic,53,RS2,14H 54M 0S,16H 48M 0S,S1,2H -6M 0S,1.9,1.55,-0.023141427889563467,-23.141427889563467,25.87,0.14,25.99,0.04
2019-11-25,6,Dark,1,12,B.53.42,Bleached,53,RS2,14H 59M 0S,16H 32M 0S,B2,2H -27M 0S,1.55,1.63,-0.01253863425768638,-12.53863425768638,25.87,0.14,25.99,0.04
2019-11-25,6,Dark,2,1,S.53.8,Symbiotic,53,RS2,15H 1M 0S,16H 50M 0S,S2,1H 49M 0S,1.82,1.39,-0.021254548798380398,-21.254548798380398,25.87,0.14,25.71,0.11
2019-11-25,6,Dark,2,2,B.60.8,Bleached,60,RS3,15H 3M 0S,16H 34M 0S,B1,1H 31M 0S,1.52,2.81,-0.007811201561109643,-7.811201561109644,25.87,0.14,25.71,0.11
2019-11-25,6,Dark,2,4,S.60.18,Symbiotic,60,RS3,15H 6M 0S,16H 54M 0S,S1,1H 48M 0S,1.8,2.16,-0.019611450785490564,-19.611450785490565,25.87,0.14,25.71,0.11
2019-11-25,6,Dark,2,5,B.60.26,Bleached,60,RS3,15H 8M 0S,16H 36M 0S,B2,1H 28M 0S,1.47,2.77,-0.009370837168747507,-9.370837168747506,25.87,0.14,25.71,0.11
2019-11-25,6,Dark,2,6,S.60.2,Symbiotic,60,RS3,15H 10M 0S,16H 56M 0S,S3,1H 46M 0S,1.77,2.2,-0.017717941784733997,-17.717941784734,25.87,0.14,25.71,0.11
2019-11-25,6,Dark,2,7,S.6.10,Symbiotic,6,RS1,15H 11M 0S,16H 59M 0S,S3,1H 48M 0S,1.8,2.19,-0.019720781495176896,-19.720781495176897,25.87,0.14,25.71,0.11
2019-11-25,6,Dark,2,8,B.6.22,Bleached,6,RS1,15H 12M 0S,17H 14M 0S,B3,2H 2M 0S,2.03,2.4,-0.011063083940840435,-11.063083940840436,25.87,0.14,25.71,0.11
2019-11-25,6,Dark,2,9,S.6.32,Symbiotic,6,RS1,15H 14M 0S,17H 33M 0S,S4,2H 19M 0S,2.32,3.15,-0.015069879577726888,-15.069879577726889,25.87,0.14,25.71,0.11
2019-11-25,6,Dark,2,10,B.6.8,Bleached,6,RS1,15H 15M 0S,17H 17M 0S,B4,2H 2M 0S,2.03,2.82,-0.012538752918941862,-12.538752918941862,25.87,0.14,25.71,0.11
2019-11-25,6,Dark,2,11,S.53.2,Symbiotic,53,RS2,15H 17M 0S,17H 35M 0S,S3,2H 18M 0S,2.3,1.4,-0.0277640506390909,-27.7640506390909,25.87,0.14,25.71,0.11
2019-11-25,6,Dark,3,1,S.53.33,Symbiotic,53,RS2,15H 13M 0S,17H 38M 0S,S4,2H 25M 0S,2.42,2,-0.01831050918074487,-18.31050918074487,25.87,0.14,25.9,0.06
2019-11-25,6,Dark,3,2,B.53.19,Bleached,53,RS2,15H 22M 0S,17H 20M 0S,B4,2H -2M 0S,1.97,1.83,-0.02084492365574002,-20.84492365574002,25.87,0.14,25.9,0.06
2019-11-25,6,Dark,3,4,S.60.24,Symbiotic,60,RS3,15H 23M 0S,17H 42M 0S,S2,2H 19M 0S,2.32,3.17,-0.013151403235345928,-13.151403235345928,25.87,0.14,25.9,0.06
2019-11-25,6,Dark,3,5,B.60.19,Bleached,60,RS3,15H 25M 0S,17H 22M 0S,B3,2H -3M 0S,1.95,2.84,-0.013054820761132704,-13.054820761132703,25.87,0.14,25.9,0.06
2019-11-25,6,Dark,3,10,S.60.13,Symbiotic,60,RS3,15H 27M 0S,17H 45M 0S,S1,2H 18M 0S,2.3,3.27,-0.014065980994265748,-14.065980994265749,25.87,0.14,25.9,0.06
2019-11-25,6,Dark,3,7,B.53.40,Bleached,53,RS2,15H 28M 0S,17H 24M 0S,B3,2H -4M 0S,1.93,1.38,-0.026074626597205646,-26.074626597205647,25.87,0.14,25.9,0.06
2019-11-25,6,Dark,3,11,B.60.27,Bleached,60,RS3,15H 29M 0S,17H 27M 0S,B4,2H -2M 0S,1.97,2.96,-0.014931409361933797,-14.931409361933797,25.87,0.14,25.9,0.06
2019-11-26,7,Light,1,2,B.6.29,Bleached,6,RS1,10H 27M 0S,12H 41M 0S,B1,2H 14M 0S,2.23,1.9,-0.014922055620624613,-14.922055620624613,27.15,0.19,27.23,0.11
2019-11-26,7,Light,1,3,S.6.26,Symbiotic,6,RS1,10H 28M 0S,13H 11M 0S,S1,3H -17M 0S,2.72,2.45,0.008771424326164864,8.771424326164864,27.15,0.19,27.23,0.11
2019-11-26,7,Light,1,5,B.6.17,Bleached,6,RS1,10H 28M 0S,12H 44M 0S,B2,2H 16M 0S,2.27,3.29,-0.006443568552655732,-6.443568552655732,27.15,0.19,27.23,0.11
2019-11-26,7,Light,1,6,S.6.28,Symbiotic,6,RS1,10H 31M 0S,13H 15M 0S,S2,3H -16M 0S,2.73,2.32,0.010177992511408931,10.177992511408931,27.15,0.19,27.23,0.11
2019-11-26,7,Light,1,9,B.53.21,Bleached,53,RS2,10H 34M 0S,12H 48M 0S,B5,2H 14M 0S,2.23,1.43,-0.012350575328353505,-12.350575328353505,27.15,0.19,27.23,0.11
2019-11-26,7,Light,1,11,S.53.7,Symbiotic,53,RS2,10H 35M 0S,13H 18M 0S,S1,3H -17M 0S,2.72,1.55,0.010330353821053765,10.330353821053766,27.15,0.19,27.23,0.11
2019-11-26,7,Light,1,12,B.53.42,Bleached,53,RS2,10H 36M 0S,12H 51M 0S,B2,2H 15M 0S,2.25,1.63,-0.011523824497121376,-11.523824497121376,27.15,0.19,27.23,0.11
2019-11-26,7,Light,2,1,S.53.8,Symbiotic,53,RS2,10H 38M 0S,13H 21M 0S,S2,3H -17M 0S,2.72,1.39,0.008366687396731557,8.366687396731557,27.15,0.19,27.06,0.26
2019-11-26,7,Light,2,2,B.60.8,Bleached,60,RS3,10H 39M 0S,12H 54M 0S,B1,2H 15M 0S,2.25,2.81,-0.00715597095186914,-7.15597095186914,27.15,0.19,27.06,0.26
2019-11-26,7,Light,2,4,S.60.18,Symbiotic,60,RS3,10H 40M 0S,13H 24M 0S,S1,3H -16M 0S,2.73,2.16,0.007141726592433114,7.141726592433114,27.15,0.19,27.06,0.26
2019-11-26,7,Light,2,5,B.60.26,Bleached,60,RS3,10H 42M 0S,12H 58M 0S,B2,2H 16M 0S,2.27,2.77,-0.008601043754162565,-8.601043754162564,27.15,0.19,27.06,0.26
2019-11-26,7,Light,2,6,S.60.24,Symbiotic,60,RS3,10H 43M 0S,13H 28M 0S,S2,3H -15M 0S,2.75,3.17,0.008089986428638191,8.089986428638191,27.15,0.19,27.06,0.26
2019-11-26,7,Light,2,7,S.6.10,Symbiotic,6,RS1,10H 44M 0S,14H 6M 0S,S3,4H -38M 0S,3.37,2.19,0.00755786074480205,7.55786074480205,27.15,0.19,27.06,0.26
2019-11-26,7,Light,2,8,B.6.22,Bleached,6,RS1,10H 45M 0S,13H 39M 0S,B3,3H -6M 0S,2.9,2.4,-0.011808494022685736,-11.808494022685736,27.15,0.19,27.06,0.26
2019-11-26,7,Light,2,9,S.6.32,Symbiotic,6,RS1,10H 47M 0S,14H 10M 0S,S4,4H -37M 0S,3.38,3.15,0.005243715724200197,5.243715724200197,27.15,0.19,27.06,0.26
2019-11-26,7,Light,2,10,B.6.8,Bleached,6,RS1,10H 48M 0S,13H 42M 0S,B4,3H -6M 0S,2.9,2.82,-0.010596370554890286,-10.596370554890285,27.15,0.19,27.06,0.26
2019-11-26,7,Light,2,11,S.53.2,Symbiotic,53,RS2,10H 49M 0S,14H 13M 0S,S3,4H -36M 0S,3.4,1.4,0.013628353915326333,13.628353915326333,27.15,0.19,27.06,0.26
2019-11-26,7,Light,3,7,B.53.40,Bleached,53,RS2,11H 1M 0S,13H 50M 0S,B3,2H 49M 0S,2.82,1.38,-0.013948404687909375,-13.948404687909374,27.15,0.19,27.16,0.11
2019-11-26,7,Light,3,1,S.53.33,Symbiotic,53,RS2,10H 52M 0S,14H 16M 0S,S4,4H -36M 0S,3.4,2,0.00888249479955196,8.88249479955196,27.15,0.19,27.16,0.11
2019-11-26,7,Light,3,4,S.60.2,Symbiotic,60,RS3,10H 55M 0S,14H 20M 0S,S3,4H -35M 0S,3.42,2.2,0.009625476868467195,9.625476868467194,27.15,0.19,27.16,0.11
2019-11-26,7,Light,3,5,B.60.19,Bleached,60,RS3,10H 56M 0S,13H 48M 0S,B3,3H -8M 0S,2.87,2.84,-0.009553516633948019,-9.55351663394802,27.15,0.19,27.16,0.11
2019-11-26,7,Light,3,10,S.60.13,Symbiotic,60,RS3,10H 53M 0S,14H 24M 0S,S1,4H -29M 0S,3.52,3.27,0.007500843112777696,7.500843112777696,27.15,0.19,27.16,0.11
2019-11-26,7,Light,3,11,B.60.27,Bleached,60,RS3,11H 2M 0S,13H 54M 0S,B4,2H 52M 0S,2.87,2.96,-0.010043177721534926,-10.043177721534926,27.15,0.19,27.16,0.11
2019-11-26,7,Dark,1,2,B.6.29,Bleached,6,RS1,14H 44M 0S,16H 25M 0S,B1,2H -19M 0S,1.68,1.9,-0.01762506273734452,-17.625062737344518,26.86,0.14,27,0.03
2019-11-26,7,Dark,1,3,S.6.26,Symbiotic,6,RS1,14H 46M 0S,16H 43M 0S,S1,2H -3M 0S,1.95,2.45,-0.02049632958340525,-20.49632958340525,26.86,0.14,27,0.03
2019-11-26,7,Dark,1,5,B.6.17,Bleached,6,RS1,14H 48M 0S,16H 28M 0S,B2,2H -20M 0S,1.67,3.29,-0.010782328572360077,-10.782328572360077,26.86,0.14,27,0.03
2019-11-26,7,Dark,1,6,S.6.28,Symbiotic,6,RS1,14H 49M 0S,16H 45M 0S,S2,2H -4M 0S,1.93,2.32,-0.021870088846647116,-21.870088846647118,26.86,0.14,27,0.03
2019-11-26,7,Dark,1,9,B.53.21,Bleached,53,RS2,14H 51M 0S,16H 30M 0S,B5,2H -21M 0S,1.65,1.43,-0.021951957241002962,-21.95195724100296,26.86,0.14,27,0.03
2019-11-26,7,Dark,1,11,S.53.7,Symbiotic,53,RS2,14H 53M 0S,16H 48M 0S,S1,2H -5M 0S,1.92,1.55,-0.02990176661198299,-29.90176661198299,26.86,0.14,27,0.03
2019-11-26,7,Dark,1,12,B.53.42,Bleached,53,RS2,14H 54M 0S,16H 33M 0S,B2,2H -21M 0S,1.65,1.63,-0.023136509801132743,-23.136509801132743,26.86,0.14,27,0.03
2019-11-26,7,Dark,2,1,S.53.8,Symbiotic,53,RS2,14H 55M 0S,16H 50M 0S,S2,2H -5M 0S,1.92,1.39,-0.03055217979513691,-30.55217979513691,26.86,0.14,26.7,0.08
2019-11-26,7,Dark,2,2,B.60.8,Bleached,60,RS3,14H 57M 0S,16H 35M 0S,B1,2H -22M 0S,1.63,2.81,-0.014237045247074432,-14.237045247074432,26.86,0.14,26.7,0.08
2019-11-26,7,Dark,2,4,S.60.18,Symbiotic,60,RS3,14H 58M 0S,16H 52M 0S,S1,2H -6M 0S,1.9,2.16,-0.022047259423072587,-22.047259423072585,26.86,0.14,26.7,0.08
2019-11-26,7,Dark,2,5,B.60.26,Bleached,60,RS3,14H 59M 0S,16H 38M 0S,B2,2H -21M 0S,1.65,2.77,-0.014266632340038615,-14.266632340038615,26.86,0.14,26.7,0.08
2019-11-26,7,Dark,2,6,S.60.24,Symbiotic,60,RS3,15H 1M 0S,16H 55M 0S,S2,1H 54M 0S,1.9,3.17,-0.017743973546785637,-17.743973546785636,26.86,0.14,26.7,0.08
2019-11-26,7,Dark,2,7,S.6.10,Symbiotic,6,RS1,15H 2M 0S,17H 26M 0S,S3,2H 24M 0S,2.4,2.19,-0.024565177282453714,-24.565177282453714,26.86,0.14,26.7,0.08
2019-11-26,7,Dark,2,8,B.6.22,Bleached,6,RS1,15H 3M 0S,17H 8M 0S,B3,2H 5M 0S,2.08,2.4,-0.016028304398444142,-16.028304398444142,26.86,0.14,26.7,0.08
2019-11-26,7,Dark,2,9,S.6.32,Symbiotic,6,RS1,15H 5M 0S,17H 28M 0S,S4,2H 23M 0S,2.38,3.15,-0.01702399186762775,-17.02399186762775,26.86,0.14,26.7,0.08
2019-11-26,7,Dark,2,10,B.6.8,Bleached,6,RS1,15H 6M 0S,17H 11M 0S,B4,2H 5M 0S,2.08,2.82,-0.016943415090874447,-16.943415090874446,26.86,0.14,26.7,0.08
2019-11-26,7,Dark,2,11,S.53.2,Symbiotic,53,RS2,15H 7M 0S,17H 30M 0S,S3,2H 23M 0S,2.38,1.4,-0.031596298628933144,-31.596298628933145,26.86,0.14,26.7,0.08
2019-11-26,7,Dark,3,1,S.53.33,Symbiotic,53,RS2,15H 10M 0S,17H 34M 0S,S4,2H 24M 0S,2.4,2,-0.024415535790953485,-24.415535790953484,26.86,0.14,26.9,0.05
2019-11-26,7,Dark,3,4,S.60.2,Symbiotic,60,RS3,15H 12M 0S,17H 36M 0S,S3,2H 24M 0S,2.4,2.2,-0.022760335567533468,-22.760335567533467,26.86,0.14,26.9,0.05
2019-11-26,7,Dark,3,5,B.60.19,Bleached,60,RS3,15H 13M 0S,17H 16M 0S,B3,2H 3M 0S,2.05,2.84,-0.016303630781445547,-16.30363078144555,26.86,0.14,26.9,0.05
2019-11-26,7,Dark,3,10,S.60.13,Symbiotic,60,RS3,15H 15M 0S,17H 40M 0S,S1,2H 25M 0S,2.42,3.27,-0.020269451381397147,-20.269451381397147,26.86,0.14,26.9,0.05
2019-11-26,7,Dark,3,7,B.53.40,Bleached,53,RS2,15H 16M 0S,17H 19M 0S,B3,2H 3M 0S,2.05,1.38,-0.034605775330355595,-34.6057753303556,26.86,0.14,26.9,0.05
2019-11-26,7,Dark,3,11,B.60.27,Bleached,60,RS3,15H 17M 0S,17H 22M 0S,B4,2H 5M 0S,2.08,2.96,-0.019530161050713545,-19.530161050713545,26.86,0.14,26.9,0.05
2019-11-27,8,Light,1,2,B.6.29,Bleached,6,RS1,10H 31M 0S,12H 38M 0S,B1,2H 7M 0S,2.12,1.9,-0.012844638415506373,-12.844638415506372,28.08,0.16,28.17,0.1
2019-11-27,8,Light,1,3,S.6.26,Symbiotic,6,RS1,10H 32M 0S,13H 6M 0S,S1,3H -26M 0S,2.57,2.45,0.00976029037607106,9.76029037607106,28.08,0.16,28.17,0.1
2019-11-27,8,Light,1,5,B.6.17,Bleached,6,RS1,10H 33M 0S,12H 41M 0S,B2,2H 8M 0S,2.13,3.29,-0.0058853841323880055,-5.885384132388006,28.08,0.16,28.17,0.1
2019-11-27,8,Light,1,6,S.6.28,Symbiotic,6,RS1,10H 35M 0S,13H 10M 0S,S2,3H -25M 0S,2.58,2.32,0.011771729735708314,11.771729735708314,28.08,0.16,28.17,0.1
2019-11-27,8,Light,1,9,B.53.21,Bleached,53,RS2,10H 37M 0S,12H 43M 0S,B5,2H 6M 0S,2.1,1.43,-0.011814384896406316,-11.814384896406317,28.08,0.16,28.17,0.1
2019-11-27,8,Light,1,11,S.53.7,Symbiotic,53,RS2,10H 39M 0S,13H 14M 0S,S1,3H -25M 0S,2.58,1.55,0.009795165167805871,9.795165167805871,28.08,0.16,28.17,0.1
2019-11-27,8,Light,1,12,B.53.42,Bleached,53,RS2,10H 43M 0S,12H 47M 0S,B2,2H 4M 0S,2.07,1.63,-0.00924815189332886,-9.24815189332886,28.08,0.16,28.17,0.1
2019-11-27,8,Light,2,1,S.53.8,Symbiotic,53,RS2,10H 45M 0S,13H 16M 0S,S2,3H -29M 0S,2.52,1.39,0.011496426455210172,11.496426455210171,28.08,0.16,27.97,0.16
2019-11-27,8,Light,2,2,B.60.8,Bleached,60,RS3,10H 46M 0S,12H 49M 0S,B1,2H 3M 0S,2.05,2.81,-0.005956875897843834,-5.956875897843834,28.08,0.16,27.97,0.16
2019-11-27,8,Light,2,4,S.60.18,Symbiotic,60,RS3,10H 47M 0S,13H 19M 0S,S1,3H -28M 0S,2.53,2.16,0.009834738643762707,9.834738643762707,28.08,0.16,27.97,0.16
2019-11-27,8,Light,2,5,B.60.26,Bleached,60,RS3,10H 43M 0S,12H 53M 0S,B2,2H 10M 0S,2.17,2.77,-0.006322217600033012,-6.322217600033012,28.08,0.16,27.97,0.16
2019-11-27,8,Light,2,6,S.60.24,Symbiotic,60,RS3,10H 51M 0S,13H 22M 0S,S2,3H -29M 0S,2.52,3.17,0.004481458438149091,4.48145843814909,28.08,0.16,27.97,0.16
2019-11-27,8,Light,2,7,S.6.10,Symbiotic,6,RS1,10H 52M 0S,14H 2M 0S,S3,4H -50M 0S,3.17,2.19,0.014352231614938312,14.352231614938312,28.08,0.16,27.97,0.16
2019-11-27,8,Light,2,8,B.6.22,Bleached,6,RS1,10H 53M 0S,13H 33M 0S,B3,3H -20M 0S,2.67,2.4,-0.008677022489985347,-8.677022489985347,28.08,0.16,27.97,0.16
2019-11-27,8,Light,2,9,S.6.32,Symbiotic,6,RS1,10H 54M 0S,14H 4M 0S,S4,4H -50M 0S,3.17,3.15,0.008187621805656827,8.187621805656827,28.08,0.16,27.97,0.16
2019-11-27,8,Light,2,10,B.6.8,Bleached,6,RS1,10H 56M 0S,13H 36M 0S,B4,3H -20M 0S,2.67,2.82,-0.009561500267727324,-9.561500267727324,28.08,0.16,27.97,0.16
2019-11-27,8,Light,2,11,S.53.2,Symbiotic,53,RS2,10H 58M 0S,14H 7M 0S,S3,4H -51M 0S,3.15,1.4,0.012427914565564116,12.427914565564116,28.08,0.16,27.97,0.16
2019-11-27,8,Light,3,1,S.53.33,Symbiotic,53,RS2,11H 2M 0S,14H 9M 0S,S4,3H 7M 0S,3.12,2,0.009229408938263623,9.229408938263623,28.08,0.16,28.1,0.13
2019-11-27,8,Light,3,4,S.60.2,Symbiotic,60,RS3,11H 4M 0S,14H 12M 0S,S3,3H 8M 0S,3.13,2.2,0.009238557787959518,9.238557787959518,28.08,0.16,28.1,0.13
2019-11-27,8,Light,3,5,B.60.19,Bleached,60,RS3,11H 5M 0S,13H 42M 0S,B3,2H 37M 0S,2.62,2.84,-0.006515206144695104,-6.515206144695104,28.08,0.16,28.1,0.13
2019-11-27,8,Light,3,10,S.60.13,Symbiotic,60,RS3,11H 6M 0S,14H 16M 0S,S1,3H 10M 0S,3.17,3.27,0.009324563958786622,9.324563958786623,28.08,0.16,28.1,0.13
2019-11-27,8,Light,3,7,B.53.40,Bleached,53,RS2,11H 8M 0S,13H 44M 0S,B3,2H 36M 0S,2.6,1.38,-0.010640674522769183,-10.640674522769183,28.08,0.16,28.1,0.13
2019-11-27,8,Dark,1,2,B.6.29,Bleached,6,RS1,14H 37M 0S,16H 19M 0S,B1,2H -18M 0S,1.7,1.9,-0.015268113012197247,-15.268113012197247,27.86,0.15,27.99,0.05
2019-11-27,8,Dark,1,3,S.6.26,Symbiotic,6,RS1,14H 38M 0S,16H 38M 0S,S1,2H 0M 0S,2,2.45,-0.01820840456888286,-18.20840456888286,27.86,0.15,27.99,0.05
2019-11-27,8,Dark,1,5,B.6.17,Bleached,6,RS1,14H 39M 0S,16H 22M 0S,B2,2H -17M 0S,1.72,3.29,-0.006850395287564918,-6.8503952875649174,27.86,0.15,27.99,0.05
2019-11-27,8,Dark,1,6,S.6.28,Symbiotic,6,RS1,14H 41M 0S,16H 41M 0S,S2,2H 0M 0S,2,2.32,-0.02019206516972543,-20.19206516972543,27.86,0.15,27.99,0.05
2019-11-27,8,Dark,1,9,B.53.21,Bleached,53,RS2,14H 43M 0S,16H 24M 0S,B5,2H -19M 0S,1.68,1.43,-0.018717529639328104,-18.717529639328106,27.86,0.15,27.99,0.05
2019-11-27,8,Dark,1,11,S.53.7,Symbiotic,53,RS2,14H 45M 0S,16H 43M 0S,S1,2H -2M 0S,1.97,1.55,-0.025862998084726738,-25.862998084726737,27.86,0.15,27.99,0.05
2019-11-27,8,Dark,1,12,B.53.42,Bleached,53,RS2,14H 46M 0S,16H 27M 0S,B2,2H -19M 0S,1.68,1.63,-0.014788560183144115,-14.788560183144115,27.86,0.15,27.99,0.05
2019-11-27,8,Dark,2,1,S.53.8,Symbiotic,53,RS2,14H 51M 0S,16H 46M 0S,S2,2H -5M 0S,1.92,1.39,-0.023563075199349883,-23.563075199349882,27.86,0.15,27.68,0.1
2019-11-27,8,Dark,2,2,B.60.8,Bleached,60,RS3,14H 52M 0S,16H 29M 0S,B1,2H -23M 0S,1.62,2.81,-0.00799392771273144,-7.993927712731439,27.86,0.15,27.68,0.1
2019-11-27,8,Dark,2,4,S.60.18,Symbiotic,60,RS3,14H 53M 0S,16H 50M 0S,S1,2H -3M 0S,1.95,2.16,-0.018424418999961504,-18.424418999961503,27.86,0.15,27.68,0.1
2019-11-27,8,Dark,2,5,B.60.26,Bleached,60,RS3,14H 54M 0S,16H 32M 0S,B2,2H -22M 0S,1.63,2.77,-0.010026237214199837,-10.026237214199837,27.86,0.15,27.68,0.1
2019-11-27,8,Dark,2,6,S.60.24,Symbiotic,60,RS3,14H 56M 0S,16H 53M 0S,S2,2H -3M 0S,1.95,3.17,-0.015446680065977167,-15.446680065977167,27.86,0.15,27.68,0.1
2019-11-27,8,Dark,2,7,S.6.10,Symbiotic,6,RS1,14H 57M 0S,17H 27M 0S,S3,3H -30M 0S,2.5,2.19,-0.022275155796238812,-22.275155796238813,27.86,0.15,27.68,0.1
2019-11-27,8,Dark,2,8,B.6.22,Bleached,6,RS1,14H 58M 0S,17H 7M 0S,B3,3H -51M 0S,2.15,2.4,-0.011051118423757838,-11.051118423757838,27.86,0.15,27.68,0.1
2019-11-27,8,Dark,2,9,S.6.32,Symbiotic,6,RS1,14H 59M 0S,17H 30M 0S,S4,3H -29M 0S,2.52,3.15,-0.015348386219234414,-15.348386219234413,27.86,0.15,27.68,0.1
2019-11-27,8,Dark,2,10,B.6.8,Bleached,6,RS1,15H 1M 0S,17H 11M 0S,B4,2H 10M 0S,2.17,2.82,-0.014168510456983646,-14.168510456983645,27.86,0.15,27.68,0.1
2019-11-27,8,Dark,2,11,S.53.2,Symbiotic,53,RS2,15H 2M 0S,17H 32M 0S,S3,2H 30M 0S,2.5,1.4,-0.028458993709830713,-28.458993709830715,27.86,0.15,27.68,0.1
2019-11-27,8,Dark,3,1,S.53.33,Symbiotic,53,RS2,15H 4M 0S,17H 35M 0S,S4,2H 31M 0S,2.52,2,-0.018556644803230705,-18.556644803230704,27.86,0.15,27.89,0.04
2019-11-27,8,Dark,3,4,S.60.2,Symbiotic,60,RS3,15H 7M 0S,17H 38M 0S,S3,2H 31M 0S,2.52,2.2,-0.0198260263001953,-19.8260263001953,27.86,0.15,27.89,0.04
2019-11-27,8,Dark,3,5,B.60.19,Bleached,60,RS3,15H 8M 0S,17H 17M 0S,B3,2H 9M 0S,2.15,2.84,-0.01421941877933024,-14.21941877933024,27.86,0.15,27.89,0.04
2019-11-27,8,Dark,3,10,S.60.13,Symbiotic,60,RS3,15H 10M 0S,17H 42M 0S,S1,2H 32M 0S,2.53,3.27,-0.016700510778332234,-16.700510778332234,27.86,0.15,27.89,0.04
2019-11-27,8,Dark,3,7,B.53.40,Bleached,53,RS2,15H 11M 0S,17H 19M 0S,B3,2H 8M 0S,2.13,1.38,-0.029072177737876844,-29.072177737876846,27.86,0.15,27.89,0.04
2019-11-28,9,Light,1,2,B.6.29,Bleached,6,RS1,10H 31M 0S,12H 43M 0S,B1,2H 12M 0S,2.2,1.9,-0.02119953240215925,-21.19953240215925,30.08,0.2,30.21,0.05
2019-11-28,9,Light,1,3,S.6.26,Symbiotic,6,RS1,10H 33M 0S,13H 13M 0S,S1,3H -20M 0S,2.67,2.45,0.006815527344469327,6.815527344469327,30.08,0.2,30.21,0.05
2019-11-28,9,Light,1,5,B.6.17,Bleached,6,RS1,10H 34M 0S,12H 47M 0S,B2,2H 13M 0S,2.22,3.29,-0.010488461851681001,-10.488461851681,30.08,0.2,30.21,0.05
2019-11-28,9,Light,1,6,S.6.28,Symbiotic,6,RS1,10H 36M 0S,13H 18M 0S,S2,3H -18M 0S,2.7,2.32,0.00761436762083701,7.61436762083701,30.08,0.2,30.21,0.05
2019-11-28,9,Light,1,9,B.53.21,Bleached,53,RS2,10H 39M 0S,12H 50M 0S,B5,2H 11M 0S,2.18,1.43,-0.01698289061709874,-16.98289061709874,30.08,0.2,30.21,0.05
2019-11-28,9,Light,1,11,S.53.7,Symbiotic,53,RS2,10H 41M 0S,13H 20M 0S,S1,3H -21M 0S,2.65,1.55,0.00793070099942256,7.930700999422559,30.08,0.2,30.21,0.05
2019-11-28,9,Light,1,12,B.53.42,Bleached,53,RS2,10H 42M 0S,12H 53M 0S,B2,2H 11M 0S,2.18,1.63,-0.016157050489599714,-16.157050489599715,30.08,0.2,30.21,0.05
2019-11-28,9,Light,2,1,S.53.8,Symbiotic,53,RS2,10H 44M 0S,13H 24M 0S,S2,3H -20M 0S,2.67,1.39,0.002377542134520548,2.377542134520548,30.08,0.2,29.92,0.24
2019-11-28,9,Light,2,2,B.60.8,Bleached,60,RS3,10H 45M 0S,12H 56M 0S,B1,2H 11M 0S,2.18,2.81,-0.008885772178285876,-8.885772178285876,30.08,0.2,29.92,0.24
2019-11-28,9,Light,2,4,S.60.18,Symbiotic,60,RS3,10H 47M 0S,13H 26M 0S,S1,3H -21M 0S,2.65,2.16,0.0051703973366750795,5.170397336675079,30.08,0.2,29.92,0.24
2019-11-28,9,Light,2,5,B.60.26,Bleached,60,RS3,10H 48M 0S,12H 59M 0S,B2,2H 11M 0S,2.18,2.77,-0.010001070315924818,-10.001070315924819,30.08,0.2,29.92,0.24
2019-11-28,9,Light,2,6,S.60.24,Symbiotic,60,RS3,10H 50M 0S,13H 29M 0S,S2,3H -21M 0S,2.65,3.17,0.0047646395280195415,4.764639528019542,30.08,0.2,29.92,0.24
2019-11-28,9,Light,2,7,S.6.10,Symbiotic,6,RS1,10H 51M 0S,14H 16M 0S,S3,4H -35M 0S,3.42,2.19,0.006196352165714594,6.196352165714594,30.08,0.2,29.92,0.24
2019-11-28,9,Light,2,8,B.6.22,Bleached,6,RS1,10H 52M 0S,13H 45M 0S,B3,3H -7M 0S,2.88,2.4,-0.017127870559116815,-17.127870559116815,30.08,0.2,29.92,0.24
2019-11-28,9,Light,2,9,S.6.32,Symbiotic,6,RS1,10H 54M 0S,14H 20M 0S,S4,4H -34M 0S,3.43,3.15,0.007609204251481155,7.609204251481155,30.08,0.2,29.92,0.24
2019-11-28,9,Light,2,10,B.6.8,Bleached,6,RS1,10H 55M 0S,13H 50M 0S,B4,3H -5M 0S,2.92,2.82,-0.015622389702610939,-15.622389702610938,30.08,0.2,29.92,0.24
2019-11-28,9,Light,2,11,S.53.2,Symbiotic,53,RS2,10H 57M 0S,14H 22M 0S,S3,4H -35M 0S,3.42,1.4,0.010004059826810605,10.004059826810606,30.08,0.2,29.92,0.24
2019-11-28,9,Light,3,1,S.53.33,Symbiotic,53,RS2,10H 59M 0S,14H 24M 0S,S4,4H -35M 0S,3.42,2,0.004606643048358066,4.606643048358066,30.08,0.2,30.13,0.11
2019-11-28,9,Light,3,4,S.60.2,Symbiotic,60,RS3,11H 1M 0S,14H 28M 0S,S3,3H 27M 0S,3.45,2.2,0.005935713452417139,5.935713452417139,30.08,0.2,30.13,0.11
2019-11-28,9,Light,3,5,B.60.19,Bleached,60,RS3,11H 3M 0S,13H 57M 0S,B3,2H 54M 0S,2.9,2.84,-0.012011828986874392,-12.011828986874391,30.08,0.2,30.13,0.11
2019-11-28,9,Light,3,10,S.60.13,Symbiotic,60,RS3,11H 5M 0S,14H 32M 0S,S1,3H 27M 0S,3.45,3.27,0.004389670265819802,4.389670265819802,30.08,0.2,30.13,0.11
2019-11-28,9,Light,3,7,B.53.40,Bleached,53,RS2,11H 6M 0S,14H 1M 0S,B3,3H -5M 0S,2.92,1.38,-0.018612518802655235,-18.612518802655234,30.08,0.2,30.13,0.11
2019-11-28,9,Dark,1,2,B.6.29,Bleached,6,RS1,14H 51M 0S,16H 26M 0S,B1,2H -25M 0S,1.58,1.9,-0.01718566185839364,-17.18566185839364,29.83,0.17,29.99,0.04
2019-11-28,9,Dark,1,3,S.6.26,Symbiotic,6,RS1,14H 53M 0S,16H 46M 0S,S1,2H -7M 0S,1.88,2.45,-0.020051357196437188,-20.051357196437188,29.83,0.17,29.99,0.04
2019-11-28,9,Dark,1,5,B.6.17,Bleached,6,RS1,14H 54M 0S,16H 29M 0S,B2,2H -25M 0S,1.58,3.29,-0.010211487995632665,-10.211487995632664,29.83,0.17,29.99,0.04
2019-11-28,9,Dark,1,6,S.6.28,Symbiotic,6,RS1,14H 55M 0S,16H 49M 0S,S2,2H -6M 0S,1.9,2.32,-0.0222896772996028,-22.2896772996028,29.83,0.17,29.99,0.04
2019-11-28,9,Dark,1,9,B.53.21,Bleached,53,RS2,14H 57M 0S,16H 32M 0S,B5,2H -25M 0S,1.58,1.43,-0.019536760599671465,-19.536760599671467,29.83,0.17,29.99,0.04
2019-11-28,9,Dark,1,11,S.53.7,Symbiotic,53,RS2,14H 59M 0S,16H 52M 0S,S1,2H -7M 0S,1.88,1.55,-0.027603483612487878,-27.603483612487878,29.83,0.17,29.99,0.04
2019-11-28,9,Dark,1,12,B.53.42,Bleached,53,RS2,15H 0M 0S,16H 35M 0S,B2,1H 35M 0S,1.58,1.63,-0.023503672011686613,-23.503672011686614,29.83,0.17,29.99,0.04
2019-11-28,9,Dark,2,1,S.53.8,Symbiotic,53,RS2,15H 1M 0S,16H 54M 0S,S2,1H 53M 0S,1.88,1.39,-0.02507904149961338,-25.07904149961338,29.83,0.17,29.62,0.1
2019-11-28,9,Dark,2,2,B.60.8,Bleached,60,RS3,15H 3M 0S,16H 37M 0S,B1,1H 34M 0S,1.57,2.81,-0.010350473457843455,-10.350473457843455,29.83,0.17,29.62,0.1
2019-11-28,9,Dark,2,4,S.60.18,Symbiotic,60,RS3,15H 6M 0S,16H 57M 0S,S1,1H 51M 0S,1.85,2.16,-0.021644652605605722,-21.64465260560572,29.83,0.17,29.62,0.1
2019-11-28,9,Dark,2,5,B.60.26,Bleached,60,RS3,15H 7M 0S,16H 41M 0S,B2,1H 34M 0S,1.57,2.77,-0.012898246396552685,-12.898246396552684,29.83,0.17,29.62,0.1
2019-11-28,9,Dark,2,6,S.60.24,Symbiotic,60,RS3,15H 9M 0S,17H 1M 0S,S2,2H -8M 0S,1.87,3.17,-0.01633940823931914,-16.33940823931914,29.83,0.17,29.62,0.1
2019-11-28,9,Dark,2,7,S.6.10,Symbiotic,6,RS1,15H 10M 0S,17H 36M 0S,S3,2H 26M 0S,2.43,2.19,-0.02290547648644699,-22.905476486446993,29.83,0.17,29.62,0.1
2019-11-28,9,Dark,2,8,B.6.22,Bleached,6,RS1,15H 11M 0S,17H 15M 0S,B3,2H 4M 0S,2.07,2.4,-0.01936832548318329,-19.36832548318329,29.83,0.17,29.62,0.1
2019-11-28,9,Dark,2,9,S.6.32,Symbiotic,6,RS1,15H 12M 0S,17H 39M 0S,S4,2H 27M 0S,2.45,3.15,-0.016751852349567144,-16.751852349567145,29.83,0.17,29.62,0.1
2019-11-28,9,Dark,2,10,B.6.8,Bleached,6,RS1,15H 14M 0S,17H 18M 0S,B4,2H 4M 0S,2.07,2.82,-0.020312440641459314,-20.312440641459315,29.83,0.17,29.62,0.1
2019-11-28,9,Dark,2,11,S.53.2,Symbiotic,53,RS2,15H 15M 0S,17H 41M 0S,S3,2H 26M 0S,2.43,1.4,-0.03232688836505731,-32.32688836505731,29.83,0.17,29.62,0.1
2019-11-28,9,Dark,3,1,S.53.33,Symbiotic,53,RS2,15H 19M 0S,17H 45M 0S,S4,2H 26M 0S,2.43,2,-0.0241617436662397,-24.1617436662397,29.83,0.17,29.9,0.04
2019-11-28,9,Dark,3,4,S.60.2,Symbiotic,60,RS3,15H 22M 0S,17H 47M 0S,S3,2H 25M 0S,2.42,2.2,-0.02290155917975117,-22.90155917975117,29.83,0.17,29.9,0.04
2019-11-28,9,Dark,3,5,B.60.19,Bleached,60,RS3,15H 23M 0S,17H 25M 0S,B3,2H 2M 0S,2.03,2.84,-0.01800443148906121,-18.004431489061208,29.83,0.17,29.9,0.04
2019-11-28,9,Dark,3,10,S.60.13,Symbiotic,60,RS3,15H 24M 0S,17H 52M 0S,S1,2H 28M 0S,2.47,3.27,-0.020979431068558957,-20.979431068558956,29.83,0.17,29.9,0.04
2019-11-28,9,Dark,3,7,B.53.40,Bleached,53,RS2,15H 25M 0S,17H 28M 0S,B3,2H 3M 0S,2.05,1.38,-0.03403516956896258,-34.03516956896258,29.83,0.17,29.9,0.04
2019-11-29,10,Light,1,2,B.6.29,Bleached,6,RS1,10H 48M 0S,12H 51M 0S,B1,2H 3M 0S,2.05,1.9,-0.015316546239625129,-15.31654623962513,32.1,0.27,32.18,0.12
2019-11-29,10,Light,1,3,S.6.26,Symbiotic,6,RS1,10H 49M 0S,13H 22M 0S,S1,3H -27M 0S,2.55,2.45,6.166941790556873e-4,0.6166941790556872,32.1,0.27,32.18,0.12
2019-11-29,10,Light,1,5,B.6.17,Bleached,6,RS1,10H 51M 0S,12H 57M 0S,B2,2H 6M 0S,2.1,3.29,-0.010044705913249507,-10.044705913249507,32.1,0.27,32.18,0.12
2019-11-29,10,Light,1,6,S.6.28,Symbiotic,6,RS1,10H 53M 0S,13H 25M 0S,S2,3H -28M 0S,2.53,2.32,0.004417194886222365,4.417194886222365,32.1,0.27,32.18,0.12
2019-11-29,10,Light,1,9,B.53.21,Bleached,53,RS2,10H 55M 0S,12H 59M 0S,B5,2H 4M 0S,2.07,1.43,-0.011503772786007317,-11.503772786007318,32.1,0.27,32.18,0.12
2019-11-29,10,Light,1,11,S.53.7,Symbiotic,53,RS2,10H 57M 0S,13H 29M 0S,S1,3H -28M 0S,2.53,1.55,0.0031919334703992834,3.191933470399283,32.1,0.27,32.18,0.12
2019-11-29,10,Light,1,12,B.53.42,Bleached,53,RS2,10H 59M 0S,13H 3M 0S,B2,3H -56M 0S,2.07,1.63,-0.01274186237036847,-12.74186237036847,32.1,0.27,32.18,0.12
2019-11-29,10,Light,2,1,S.53.8,Symbiotic,53,RS2,11H 0M 0S,13H 32M 0S,S2,2H 32M 0S,2.53,1.39,0.0014408869406462841,1.440886940646284,32.1,0.27,31.93,0.29
2019-11-29,10,Light,2,2,B.60.8,Bleached,60,RS3,11H 1M 0S,13H 7M 0S,B1,2H 6M 0S,2.1,2.81,-0.0074680347660804666,-7.468034766080467,32.1,0.27,31.93,0.29
2019-11-29,10,Light,2,4,S.60.18,Symbiotic,60,RS3,11H 3M 0S,13H 36M 0S,S1,2H 33M 0S,2.55,2.16,9.700066963780682e-4,0.9700066963780682,32.1,0.27,31.93,0.29
2019-11-29,10,Light,2,5,B.60.26,Bleached,60,RS3,11H 5M 0S,13H 10M 0S,B2,2H 5M 0S,2.08,2.77,-0.012351517448993415,-12.351517448993414,32.1,0.27,31.93,0.29
2019-11-29,10,Light,2,6,S.60.24,Symbiotic,60,RS3,11H 7M 0S,13H 39M 0S,S2,2H 32M 0S,2.53,3.17,0.0010033749085635827,1.0033749085635826,32.1,0.27,31.93,0.29
2019-11-29,10,Light,2,7,S.6.10,Symbiotic,6,RS1,11H 8M 0S,14H 19M 0S,S3,3H 11M 0S,3.18,2.19,0.006720820042109381,6.720820042109381,32.1,0.27,31.93,0.29
2019-11-29,10,Light,2,8,B.6.22,Bleached,6,RS1,11H 9M 0S,13H 51M 0S,B3,2H 42M 0S,2.7,2.4,-0.012882712927508103,-12.882712927508102,32.1,0.27,31.93,0.29
2019-11-29,10,Light,2,9,S.6.32,Symbiotic,6,RS1,11H 11M 0S,14H 23M 0S,S4,3H 12M 0S,3.2,3.15,0.0018621790393589053,1.8621790393589053,32.1,0.27,31.93,0.29
2019-11-29,10,Light,2,10,B.6.8,Bleached,6,RS1,11H 12M 0S,13H 55M 0S,B4,2H 43M 0S,2.72,2.82,-0.013178497860707773,-13.178497860707774,32.1,0.27,31.93,0.29
2019-11-29,10,Light,2,11,S.53.2,Symbiotic,53,RS2,11H 14M 0S,14H 25M 0S,S3,3H 11M 0S,3.18,1.4,0.005158386104505425,5.158386104505425,32.1,0.27,31.93,0.29
2019-11-29,10,Light,3,1,S.53.33,Symbiotic,53,RS2,11H 16M 0S,14H 28M 0S,S4,3H 12M 0S,3.2,2,0.004562619486990275,4.5626194869902745,32.1,0.27,32.18,0.28
2019-11-29,10,Light,3,4,S.60.2,Symbiotic,60,RS3,11H 21M 0S,14H 31M 0S,S3,3H 10M 0S,3.17,2.2,0.005196059656942693,5.196059656942693,32.1,0.27,32.18,0.28
2019-11-29,10,Light,3,5,B.60.19,Bleached,60,RS3,11H 22M 0S,14H 0M 0S,B3,3H -22M 0S,2.63,2.84,-0.009310861136190106,-9.310861136190105,32.1,0.27,32.18,0.28
2019-11-29,10,Light,3,10,S.60.13,Symbiotic,60,RS3,11H 24M 0S,14H 34M 0S,S1,3H 10M 0S,3.17,3.27,0.003927041554280704,3.927041554280704,32.1,0.27,32.18,0.28
2019-11-29,10,Light,3,11,B.53.40,Bleached,53,RS2,11H 27M 0S,14H 4M 0S,B3,3H -23M 0S,2.62,1.38,-0.016388012747032568,-16.38801274703257,32.1,0.27,32.18,0.28
2019-11-29,10,Dark,1,2,B.6.29,Bleached,6,RS1,14H 51M 0S,16H 27M 0S,B1,2H -24M 0S,1.6,1.9,-0.02021509584266403,-20.21509584266403,31.82,0.17,31.97,0.07
2019-11-29,10,Dark,1,3,S.6.26,Symbiotic,6,RS1,14H 52M 0S,16H 45M 0S,S1,2H -7M 0S,1.88,2.45,-0.023368013970906626,-23.368013970906627,31.82,0.17,31.97,0.07
2019-11-29,10,Dark,1,5,B.6.17,Bleached,6,RS1,14H 53M 0S,16H 29M 0S,B2,2H -24M 0S,1.6,3.29,-0.010542152614304457,-10.542152614304458,31.82,0.17,31.97,0.07
2019-11-29,10,Dark,1,6,S.6.28,Symbiotic,6,RS1,14H 54M 0S,16H 49M 0S,S2,2H -5M 0S,1.92,2.32,-0.027125689124020833,-27.125689124020834,31.82,0.17,31.97,0.07
2019-11-29,10,Dark,1,9,B.53.21,Bleached,53,RS2,14H 57M 0S,16H 32M 0S,B5,2H -25M 0S,1.58,1.43,-0.02197091826134259,-21.97091826134259,31.82,0.17,31.97,0.07
2019-11-29,10,Dark,1,11,S.53.7,Symbiotic,53,RS2,14H 58M 0S,16H 51M 0S,S1,2H -7M 0S,1.88,1.55,-0.029266668617019886,-29.266668617019885,31.82,0.17,31.97,0.07
2019-11-29,10,Dark,1,12,B.53.42,Bleached,53,RS2,14H 59M 0S,16H 34M 0S,B2,2H -25M 0S,1.58,1.63,-0.01927510006976681,-19.27510006976681,31.82,0.17,31.97,0.07
2019-11-29,10,Dark,2,1,S.53.8,Symbiotic,53,RS2,15H 1M 0S,16H 53M 0S,S2,1H 52M 0S,1.87,1.39,-0.028818017554335905,-28.818017554335906,31.82,0.17,31.61,0.11
2019-11-29,10,Dark,2,2,B.60.8,Bleached,60,RS3,15H 2M 0S,16H 38M 0S,B1,1H 36M 0S,1.6,2.81,-0.01068591889717497,-10.68591889717497,31.82,0.17,31.61,0.11
2019-11-29,10,Dark,2,4,S.60.18,Symbiotic,60,RS3,15H 3M 0S,16H 56M 0S,S1,1H 53M 0S,1.88,2.16,-0.02430384957397457,-24.30384957397457,31.82,0.17,31.61,0.11
2019-11-29,10,Dark,2,5,B.60.26,Bleached,60,RS3,15H 4M 0S,16H 40M 0S,B2,1H 36M 0S,1.6,2.77,-0.011848802202549337,-11.848802202549336,31.82,0.17,31.61,0.11
2019-11-29,10,Dark,2,6,S.60.24,Symbiotic,60,RS3,15H 6M 0S,16H 58M 0S,S2,1H 52M 0S,1.87,3.17,-0.016909305661192888,-16.90930566119289,31.82,0.17,31.61,0.11
2019-11-29,10,Dark,2,7,S.6.10,Symbiotic,6,RS1,15H 11M 0S,17H 35M 0S,S3,2H 24M 0S,2.4,2.19,-0.025617548904594372,-25.617548904594372,31.82,0.17,31.61,0.11
2019-11-29,10,Dark,2,8,B.6.22,Bleached,6,RS1,15H 12M 0S,17H 14M 0S,B3,2H 2M 0S,2.03,2.4,-0.016728050526509688,-16.728050526509687,31.82,0.17,31.61,0.11
2019-11-29,10,Dark,2,9,S.6.32,Symbiotic,6,RS1,15H 14M 0S,17H 38M 0S,S4,2H 24M 0S,2.4,3.15,-0.019781195375998414,-19.781195375998415,31.82,0.17,31.61,0.11
2019-11-29,10,Dark,2,10,B.6.8,Bleached,6,RS1,15H 15M 0S,17H 17M 0S,B4,2H 2M 0S,2.03,2.82,-0.017360001076958252,-17.360001076958252,31.82,0.17,31.61,0.11
2019-11-29,10,Dark,2,11,S.53.2,Symbiotic,53,RS2,15H 16M 0S,17H 40M 0S,S3,2H 24M 0S,2.4,1.4,-0.03696899911980596,-36.96899911980596,31.82,0.17,31.61,0.11
2019-11-29,10,Dark,3,1,S.53.33,Symbiotic,53,RS2,15H 19M 0S,17H 42M 0S,S4,2H 23M 0S,2.38,2,-0.026431310588345965,-26.431310588345966,31.82,0.17,31.87,0.05
2019-11-29,10,Dark,3,4,S.60.2,Symbiotic,60,RS3,15H 21M 0S,17H 46M 0S,S3,2H 25M 0S,2.42,2.2,-0.028348729467424727,-28.348729467424725,31.82,0.17,31.87,0.05
2019-11-29,10,Dark,3,5,B.60.19,Bleached,60,RS3,15H 22M 0S,17H 21M 0S,B3,2H -1M 0S,1.98,2.84,-0.01613086241999255,-16.13086241999255,31.82,0.17,31.87,0.05
2019-11-29,10,Dark,3,10,S.60.13,Symbiotic,60,RS3,15H 23M 0S,17H 49M 0S,S1,2H 26M 0S,2.43,3.27,-0.02142498017965792,-21.42498017965792,31.82,0.17,31.87,0.05
2019-11-29,10,Dark,3,7,B.53.40,Bleached,53,RS2,15H 25M 0S,17H 23M 0S,B3,2H -2M 0S,1.97,1.38,-0.028452389553112446,-28.452389553112447,31.82,0.17,31.87,0.05
